index,address_1,address_2,name,expiration_date
1,28 LIPCA 1943,17A,"BRAGIEL AGNIESZKA, ZIELIŃSKI RAFAŁ",2018-06-04
2,28 LIPCA 1943,17A,"BRĄGIEL AGNIESZKA, ZIELIŃSKI RAFAŁ",2018-10-20
3,29 LISTOPADA,57,"SZYWAŁA JERZY, SZYWAŁA HALINA",2021-12-20
4,29 LISTOPADA,116,"BAŁAZIŃSKA ANNA, HARBUT ŁUKASZ",2021-12-20
5,29 LISTOPADA,155C,"BARTELAK MAŁGORZATA, OCZAK IZABELA",2018-11-30
6,AL. SŁOWACKIEGO,64,"MUSZYŃSKI MATEUSZ, KOLASA GRZEGORZ",2021-10-31
7,ALEJA 29 LISTOPADA,50,ARKA SPÓŁKA Z O. O.,2019-02-11
8,ALEJA 29 LISTOPADA,63,WOŁOWIEC SZYMON,2018-05-07
9,ALEJA 29 LISTOPADA,137,GRABOWSKI ZDZISŁAW,2017-08-27
10,ALEJA 29 LISTOPADA,189,WM HOTEL SYSTEM SPÓŁKA Z O. O.,2018-05-20
11,ALEJA 3 MAJA,5,FUNDACJA STUDENTÓW I ABSOLWENTÓW UNIWERSYTETU JAGIELLOŃSKIEGO BRATNIAK,2021-04-25
12,ALEJA DASZYŃSKIEGO,5,SOBÓL URSZULA,2018-03-05
13,ALEJA GEN. BORA- KOMOROWSKIEGO,37,"""DOMINIUM"" S. A.",2018-04-23
14,ALEJA GEN. BORA- KOMOROWSKIEGO,37,SFINKS POLSKA S.A.,2017-11-18
15,ALEJA GEN. BORA- KOMOROWSKIEGO,37,AMREST SPÓŁKA Z O. O.,2018-10-29
16,ALEJA GEN. BORA- KOMOROWSKIEGO,37,SZEWCZYK RENATA,2019-10-18
17,ALEJA GEN. BORA- KOMOROWSKIEGO,39,ZALEJSKI WIESŁAW,2020-03-11
18,ALEJA IGNACEGO DASZYŃSKIEGO,8/U01,PM FOOD SPÓŁKA Z O. O.,2020-07-12
19,ALEJA JANA PAWŁA II,37,VINST SPÓŁKA Z O. O.,2019-05-14
20,ALEJA JANA PAWŁA II,70,PRZEDSIĘBIORSTWO WIELOBRANŻOWE WAGABUNDA I SPÓŁKA Z O. O.,2018-03-03
21,ALEJA KASZTANOWA,1,EKOCENTRYK SPÓŁKA Z O. O.,2020-05-21
22,ALEJA KIJOWSKA,40 lok. 1 i 2,"ZAWADZKI MICHAŁ, KOWALSKA MAGDALENA",2020-02-26
23,ALEJA KRASIŃSKIEGO,1,VIDOK  SPÓŁKA Z O.O. SPÓŁKA KOMANDYTOWA,2018-08-13
24,ALEJA KRASIŃSKIEGO,19/7,"STEFAŃCZYK MONIKA, SOWA MICHAŁ",2019-12-11
25,ALEJA MARSZAŁKA FERDYNANDA FOCHA,41,JURKA RAFAŁ,2021-05-11
26,ALEJA MARSZAŁKA FOCHA,42,RESTBAR SPÓŁKA Z O. O. SPÓŁKA KOMANDYTOWA,2018-08-05
27,ALEJA POKOJU,44,"""ICE CAFE"" SPÓŁKA Z O. O.",2017-11-13
28,ALEJA POKOJU,44,BIELA ARKADIUSZ,2020-04-15
29,ALEJA POKOJU,44,PINK BOWLING SPÓŁKA Z O. O.,2021-03-15
30,ALEJA POKOJU,67,"STANEK ZBIGNIEW, STANEK ANDRZEJ",2017-02-14
31,ALEJA POKOJU,67,AMREST SPÓŁKA Z O. O.,2018-07-16
32,ALEJA POKOJU,67,SFINKS POLSKA S.A.,2017-06-22
33,ALEJA POKOJU,67,SŁAWIK ANTONI,2020-08-06
34,ALEJA POKOJU,67,MOLEK RYSZARD,2021-01-14
35,ALEJA POKOJU,67,"CISOWSKI PAWEŁ, GALOS ADAM",2021-03-16
36,ALEJA POKOJU,81,"DYLĄG SYLWIA, PISKORZ GRZEGORZ",2021-01-17
37,ALEJA POKOJU,14A,BORZYM GRAŻYNA,2020-03-24
38,ALEJA SŁOWACKIEGO,22,KULIŃSKA-SULKIEWICZ BOGUMIŁA,2020-01-07
39,ALEJA SŁOWACKIEGO,64,BARAŃSKA ANNA,2018-01-13
40,ALEJA SOLIDARNOŚCI,20,WOŹNIAK BEATA,2020-12-13
41,ALEJA WASZYNGTONA,1,KUSEK MAGDALENA,2019-02-23
42,ALEJA WASZYNGTONA,1,"MIKURDA BARBARA, CHECHELSKI ADAM",2019-06-17
43,ALEKSANDRA LUBOMIRSKIEGO,41,"SUCHORZEPKA TOMASZ, KMAK TOMASZ",2020-08-31
44,ALEKSANDRA LUBOMIRSKIEGO,51/4,WIGGINS SPÓŁKA Z O.O.,2021-04-20
45,ALEKSANDRA LUBOMIRSKIEGO,"51 lok. 1, 2",DO QUANG HAI,2021-10-09
46,ALEKSANDRY,30,WBA BRACIA BARŁOWSCY SPÓŁKA JAWNA,2021-09-12
47,ANDRZEJA MAŁKOWSKIEGO,5,LOCH MAŁGORZATA,2020-04-28
48,ARMII KRAJOWEJ,6,"OLEKSIAK KRYSTYNA, OLEKSIAK KRZYSZTOF",2019-02-14
49,ARMII KRAJOWEJ,11,ORBIS S.A. ODDZIAŁ HOTEL NOVOTEL KRAKÓW CITY WEST W KRAKOWIE,2018-07-12
50,ARMII KRAJOWEJ,11,ZJEDNOCZONE PRZEDSIĘBIORSTWA ROZRYWKOWE S. A.,2018-03-11
51,ARMII KRAJOWEJ,19,SOBIESŁAW ZASADA SPÓŁKA AKCYJNA SPÓŁKA KOMANDYTOWO-AKCYJNA,2020-01-20
52,AUGUSTIAŃSKA,4,POPLAWSKA DOROTA,2017-08-09
53,BALICKA,2,CZAJA TOMASZ,2020-02-16
54,BALICKA,18,STACH DANIEL,2017-07-03
55,BALICKA,18,"ZAKRZEWSKA JOANNA, ZAKRZEWSKI PIOTR, GRZYWACZ HALINA",2019-07-07
56,BALICKA,324,KUBALA ANNA,2019-05-07
57,BALICKA,14A,MAG SPÓŁKA Z O. O.,2021-01-13
58,BALICKA,18A,KWAPISZ SYLWIA,2017-08-09
59,BARSKA,2,"FIRMA BUDOWLANA STAMBUD MAŁGORZATA MRÓZ, STANISŁAW MRÓZ SPÓŁKA JAWNA",2018-07-09
60,BARSKA,61A / LU1,MASIUDA MARTA,2019-09-01
61,BARTOSZA GŁOWACKIEGO,22,PRZEDSIĘBIORSTWO USŁUG TURYSTYCZNO-HANDLOWYCH DEMEL SPÓŁKA Z O. O.,2020-05-18
62,BASZTOWA,17,"KIJOWSKI ROBERT, KIJOWSKI ADRIAN, KIJOWSKA BEATA",2019-07-09
63,BASZTOWA,25,KOMUSIŃSKI STANISŁAW,2018-01-31
64,BELWEDERCZYKÓW,3,SYLWIA STYL G. TAŁACH SPÓŁKA JAWNA,2018-08-31
65,BENEDYKTYŃSKA,37,BENEDICITE JEDNOSTKA GOSPODARCZA OPACTWA BENEDYKTYNÓW W TYŃCU,2020-11-16
66,BENEDYKTYŃSKA,37,BENEDICITE JEDNOSTKA GOSPODARCZA OPACTWA BENEDYKTYNÓW W TYŃCU,2020-11-16
67,BENEDYKTYŃSKA,50,WCISŁO ANNA,2018-03-06
68,BERKA JOSELEWICZA,23,PANGEA SP. Z O.O.,2020-04-21
69,BERKA JOSELEWICZA,18/LU1,SASSI LUCYNA,2021-04-06
70,BERKA JOSELEWICZA,21B,PARULE AGNIESZKA,2022-01-17
71,BIAŁOPRĄDNICKA,32/12,KONDERAK TATIANA,2018-09-04
72,BIAŁORUSKA,8B,CISAK MARIA,2018-02-25
73,BIEŃCZYCKA,19,"MATUŁA JACEK, CZEKAJ WOJCIECH",2017-02-06
74,BIEŃCZYCKA,19,"CZEKAJ WOJCIECH, MATUŁA JACEK",2022-02-06
75,BIEŃCZYCKA,168 lok. 201,"BUCKA WERONIKA, KLĘK JÓZEF",2017-02-08
76,BIEŃCZYCKA,168 lok. 504,"BUCKA WERONIKA, KLĘK JÓZEF",2017-11-12
77,BIEŃCZYCKA,168 lok. 653,ROGÓŻ AGNIESZKA,2021-05-03
78,BIEŃCZYCKI PLAC TARGOWY,18,"SZYMANIK LEOKADIA, SZYMANIK TOMASZ",2017-11-08
79,BIEŃCZYCKI PLAC TARGOWY,paw. 31,BEDNARCZYK ANITA,2021-03-31
80,BISKUPA TOMICKIEGO,3,KYĆ KATARZYNA,2018-11-03
81,BISKUPA TOMICKIEGO,4,"GRZESICKA MAŁGORZATA, GRZESICKI RAFAŁ",2019-04-08
82,BISKUPIA,2,"ŚLĘCZEK MAREK, DYNGOSZ RENATA",2021-07-19
83,BISKUPIA,4/1,KAWA KATARZYNA,2021-04-25
84,BŁAŻEJA CZEPCA,3/27,KOTALA DOMINIKA,2018-05-12
85,BOCHENKA,16A,"KONTYNENTY BAJOR, ZYGMUNT SPÓŁKA JAWNA",2017-12-31
86,BOCHEŃSKA,7,BUGAJ MIROSŁAW,2018-02-20
87,BOCHEŃSKA,2A,COFFEE BROTHERS SPÓŁKA Z O. O.,2019-10-26
88,BOCHEŃSKA,5/LU1,GUMULIŃSKA EWA,2018-10-10
89,BOCIANA,8,KAPAŁA MACIEJ,2020-07-09
90,BOHATERÓW GETTA,2,MOSKWA BOŻENA,2021-06-09
91,BOHATERÓW WRZEŚNIA,26,PREINL MARIANNA,2020-10-13
92,BOHATERÓW WRZEŚNIA,1 lok. 72,SUDOŁ BOGDAN,2017-12-10
93,BOJKI,4/16,ZALEJSKI WIESŁAW,2017-05-03
94,BOLESŁAWA CZERWIEŃSKIEGO,20A,KRZYNÓWEK DANUTA,2022-02-18
95,BOLESŁAWA LIMANOWSKIEGO,1,"RAKOCZY ALEKSANDRA, KRAWIEC PIOTR, PODOBIŃSKA BOŻENA",2021-10-14
96,BOLESŁAWA LIMANOWSKIEGO,11,DĄSAL BOŻENA,2020-12-17
97,BOLESŁAWA LIMANOWSKIEGO,12,FABER MARIA,2021-05-31
98,BOLESŁAWA ŚMIAŁEGO,60,FERO EXPRESS HOTEL I RESTAURACJA SPÓŁKA Z O. O.,2018-12-31
99,BONARKA,5,"BERNUZZI STEFANO, TROIANO MARIO",2019-08-28
100,BORKOWSKA,32,BJ SERWIS SPÓŁKA Z O. O. SPÓŁKA KOMANDYTOWA,2021-01-04
101,BOROWICKIEJ,5/1,ZNISZCZOŁ ELŻBIETA,2019-08-05
102,BOROWINOWA,49,HODAS NORBERT,2021-04-20
103,BOROWINOWA,1908,SW SATUS SPÓŁKA Z O.O,2021-05-10
104,BOSACKA,5/1A,GOSPODA KRAKOWSKA SPÓŁKA Z O.O.,2017-11-14
105,BOTEWA,6,HAJDAS MARIUSZ,2019-11-01
106,BOTEWA,9,WŁOSIK ANDRZEJ,2019-11-20
107,BOŻEGA CIAŁA,9,OLAK KRZYSZTOF,2021-04-28
108,BOŻEGO CIAŁA,3,ZAJĄCZKOWSKI PIOTR,2017-05-21
109,BOŻEGO CIAŁA,7,CYKLOP SPÓŁKA Z O. O.,2018-12-04
110,BOŻEGO CIAŁA,9,"ŻARCZYŃSKA MAŁGORZATA, PRUS MACIEJ",2017-10-14
111,BOŻEGO CIAŁA,11,SAWICKA-DANIELAK MARTA,2017-11-11
112,BOŻEGO CIAŁA,11,PABIAN TOMASZ,2019-05-13
113,BOŻEGO CIAŁA,12,PELC JANUSZ,2018-07-14
114,BOŻEGO CIAŁA,19,RT HOTELS S. A.,2019-04-04
115,BOŻEGO CIAŁA,14/1,LITWIN STANISŁAW,2019-10-12
116,BOŻEGO CIAŁA,14/2,"ZIMNIAK MAREK, DUDEK MARCIN",2020-10-08
117,BOŻEGO CIAŁA,12/21,PIZIORSKA MAŁGORZATA,2017-05-13
118,BRACKA,4,DISCO BAR SPÓŁKA Z O. O.,2019-09-30
119,BRACKA,4,1ST FLOOR SPÓŁKA Z O.O.,2021-12-26
120,BRACKA,6,"WŁODARSKA ANNA, WŁODARSKI BARTOSZ",2017-06-21
121,BRACKA,6,ŻUREK MAGDALENA,2021-05-15
122,BRACKA,9,GINTOWT - PAPROCKA IWETTA,2021-10-16
123,BRACKA,13,"WYGAŚ PAWEŁ, WYGAS BEATA",2021-05-09
124,BRACKA,14,FUNDACJA CENTRUM KOPERNIKA,2020-01-31
125,BRACKA,15,"WINOMAN.PL, A.A. BOCHEŃSCY, SPÓŁKA JAWNA",2021-04-22
126,BRACKA,3-5,KŁOBUCH MAREK,2017-12-06
127,BRACKA,3-5,"KŁOBUCH EWA, KŁOBUCH-BARAN MARZENA",2017-11-13
128,BRACKA,3-5,"FEDAS-FRĄCZEK BOŻENA, BISTROŃ JAKUB, BISTROŃ ANNA",2020-10-21
129,BRACKA,3-5,"TORBA MAGDALENA, DĘBOWSKA KAROLINA",2021-05-15
130,BRACKA,3-5,NIEMIEC ANNA,2021-03-09
131,BRACKA,3-5,KAŁUŻYŃSKA MAGDALENA,2021-09-07
132,BRATYSŁAWSKA,2,INTERHOUSE 21 SPÓŁKA Z O.O.,2020-09-17
133,BRATYSŁAWSKA,2A/46,MARCZAK ŁUKASZ,2018-12-19
134,BRODZIŃSKIEGO,3,TRAN THANH GIAO,2017-12-06
135,BRODZIŃSKIEGO,8,FIRSOWICZ JOANNA,2018-10-10
136,BRODZIŃSKIEGO,2/U1,PETRINI DANIELE,2020-04-09
137,BRONOWICKA,23 lok. U4,SZKLORZ ANNA,2020-09-24
138,BRZOZOWA,15,BRASAILENIA SPÓŁKA Z O.O.,2021-06-30
139,BRZOZOWA,4/1-3,HUS PRZEMYSŁAW,2021-08-15
140,BRZOZOWA,17/3,"MARS MARCIN, KUMOR GRZEGORZ",2018-02-21
141,BRZOZOWA,17/4-5,KARAKTER RESTAUARCJA SPÓŁKA Z O.O. SPÓŁKA KOMANDYTOWA,2021-08-01
142,BUDRYKA,4,FUNDACJA STUDENTÓW I ABSOLWENTÓW AKADEMII GÓRNICZO-HUTNICZEJ W KRAKOWIE ACADEMICA,2019-09-19
143,BULWAR CZERWIEŃSKI,dz. 81/5 obr. 146 Śródmieście,STER EWA BIGOSZ I PIOTR WIŚNIEWSKI SPÓŁKA JAWNA,2020-04-27
144,BULWAR CZERWIEŃSKI,dz. nr 172/1,KAPUSTA KRYSTIAN,2019-04-09
145,BULWAR CZERWIEŃSKI,dz. nr 81/5 obr. 146,"PRZEDSIĘBIORSTWO HANDLOWO-USŁUGOWE ""LECH"" LESZEK BĘTKOWSKI, HALINA BĘTKOWSKA SPÓŁKA JAWNA",2018-03-13
146,BULWAR CZERWIEŃSKI,,KRAKOWSKA GRUPA AMNIS SPÓŁKA Z O.O.,2021-04-06
147,BULWAR CZERWIEŃSKI,,KRAKOWSKA GRUPA AMNIS SPÓŁKA Z O.O.,2021-04-06
148,BULWAR CZERWIEŃSKI,,KRAKOWSKA GRUPA AMNIS SPÓŁKA Z O.O.,2021-04-06
149,BULWAR KURLANDZKI,dz. 137/7 obr. 12 Śródmieście,FORGUSTO SPÓŁKA Z O. O. SP. K.,2018-06-02
150,BULWAR KURLANDZKI,dz. nr 94 obr. 15 Śródmieście,PATHWAYS - POLSKA SPÓŁKA Z O. O.,2019-09-21
151,BULWAR KURLANDZKI,,WAWRZYCKI WIT,2021-05-03
152,BULWAR WOŁYŃSKI,dz. 548/5 obr. 12 Podgórze,STER EWA BIGOSZ I PIOTR WIŚNIEWSKI SPÓŁKA JAWNA,2020-03-09
153,BULWAROWA,33A,SETNER LESZEK,2020-01-07
154,BULWAROWA,35B,SANTORINI Z&M SPÓŁKA Z O.O.,2021-12-31
155,BYDGOSKA,19A,KOCOŃ JAN,2019-03-03
156,CENTRALNA,41 B,DOMAGAŁA MICHAŁ,2021-03-24
157,CENTRALNA,53B,GÓRA ANNA,2018-01-06
158,CENTRUM C,3,"OLCHAWA STANISŁAWA, MICHAŁEK LEONA",2021-04-19
159,CENTRUM D,1,WISZNIEWSKA JOANNA,2021-04-25
160,CENTRUM E,25,ŚLĘCZEK GRZEGORZ,2021-05-22
161,CHMIELENIEC,2B/LU1,NOSEK ROBERT,2017-07-11
162,CHMIELENIEC,2B/LU11,WALCZAK JAN,2021-01-20
163,CHMIELNA,18A,SWOBODA JOANNA,2020-08-09
164,CHODOWIECKIEGO,1,"BOBIKIEWICZ KATARZYNA, NOWOSAD ELŻBIETA, KRAWIEC WIESŁAW, KRAWIEC PAWEŁ",2019-07-08
165,CHOPINA,33,SZYMAŃSKI ARTUR,2019-12-01
166,CHRISTO BOTEWA,2G,PIZZERIA BANOLLI LOGISTYKA SPÓŁKA Z O.O. SP. K.,2021-10-06
167,CISOWA,2,KOŁODZIEJCZYK RENATA,2020-09-09
168,CONRADA,29,HOTEL CONRAD SPÓŁKA Z O. O.,2020-03-14
169,CONRADA,66,IKEA RETAIL SPÓŁKA Z O. O.,2017-08-18
170,CZAPSKICH,1/LU 3,ZIEMBLA ALICJA,2021-05-03
171,CZARNOWIEJSKA,23,PIRS SPÓŁKA Z O. O.,2017-08-30
172,CZARNOWIEJSKA,38,"KMIECIK MARIUSZ, SUCHORA GRZEGORZ",2018-06-13
173,CZARNOWIEJSKA,38,"KMIECIK MARIUSZ, SUCHORA GRZEGORZ",2021-06-08
174,CZARNOWIEJSKA,55,TROCHA ZBIGNIEW,2017-07-07
175,CZARNOWIEJSKA,76,JM FIRMA HANDLOWO-USŁUGOWA SPÓŁKA Z O.O.,2017-11-11
176,CZARNOWIEJSKA,51/1,BUGAJSKI MARCIN,2019-03-03
177,CZARNOWIEJSKA,97A,CZERSKI ARTUR,2017-07-03
178,CZERWIAKOWSKIEGO,6,SURÓWKA ZBIGNIEW,2018-04-14
179,CZERWIEŃSKIEGO,20A,KRZYNÓWEK DANUTA,2017-02-18
180,CZYSTA,3,MS EURO GROUP SPÓŁKA Z O.O. SPÓŁKA KOMANDYTOWA,2021-07-19
181,CZYSTA,8,KULTURALNE TOWARZYSTWO NOVMARU,2021-06-22
182,DAJWÓR,3,ZAJĄC SZYMON,2020-10-31
183,DAJWÓR,18,"JARZYNA ROBERT, SALA MARCIN",2021-02-23
184,DAJWÓR,20,POVNA KOMORA SPÓŁKA Z O.O.,2021-10-02
185,DAJWÓR,25,"KLECZYŃSKA JUSTYNA, PILARCZYK MACIEJ",2018-04-17
186,DAJWÓR,23/1,CYRANKIEWICZ DANUTA,2020-12-03
187,DAJWÓR,3/1,MARILEN SPÓŁKA Z O.O.,2021-10-19
188,DAJWÓR,10B,DE KIME CHRISTOPHER,2019-08-20
189,DAJWÓR,16 lok F,SPÓŁDZIELNIA SOCJALNA PRANA,2020-09-10
190,DAJWÓR,20/LU2,DĄBEK KAMILA,2021-12-01
191,DAJWÓR,23/21,EASTLIFE GROUP SPÓŁKA Z O. O.,2021-01-03
192,DĄBSKA,5,EURO - HOTELE SPÓŁKA Z O. O.,2020-09-03
193,DĄBSKA,5,EURO - HOTELE SPÓŁKA Z O. O.,2020-04-29
194,DEKERTA,24,"SZLACHTA ANNA, KOWALSKA OLIWIA",2019-12-09
195,DIETLA,1,T. E. A. TIME SPÓŁKA Z O. O.,2019-03-26
196,DIETLA,33,RUCHY GEORGIA SPÓŁKA Z O. O.,2019-02-14
197,DIETLA,91,RADWAŃSKA ALEKSANDRA,2019-07-15
198,DIETLA,55/1,DASOM SPÓŁKA Z O. O. SPÓŁKA KOMANDYTOWA,2020-02-28
199,DIETLA,97/5A,"RYBARZ KAZIMIERZ, WOJDYŁO JAKUB",2019-12-18
200,DŁUGA,9,LEGENDZIEWICZ JACEK,2017-05-19
201,DŁUGA,9,LEGENDZIEWICZ JACEK,2020-12-19
202,DŁUGA,31,ŁOPUSZKO JACEK,2020-09-25
203,DŁUGA,37,"GAWLIK MARCIN, KURDZIEL MACIEJ",2021-06-09
204,DŁUGA,69,KRÓLIKOWSKA KARINA,2020-08-07
205,DŁUGA,44/9,B4B PARTNER GROUP SPÓŁKA Z O.O.,2017-12-20
206,DŁUGA,22/2B,NGUYEN HIEN,2018-02-19
207,DŁUGA,69B,"KUMAŃSKA-OTTO, KUMAŃSKI RYSZARD",2021-04-09
208,DOBREGO PASTERZA,8,HUDOBSKI DARIUSZ,2018-02-15
209,DOBREGO PASTERZA,99,ŚWIADEK TOMASZ,2019-03-10
210,DOBREGO PASTERZA,124,HOTEL SWING SPÓŁKA Z O.O.,2020-12-22
211,DOBREGO PASTERZA,126,"SZOSTAK BEATA, SZOSTAK ANDRZEJ",2020-04-20
212,DOBREGO PASTERZA,128,MULTIKONO SPÓŁKA AKCYJNA,2021-05-03
213,DOBREGO PASTERZA,124A,THAT DONG TON,2018-06-05
214,DOKTORA BABIŃSKIEGO,,NGUYEN SY NGOC,2020-01-11
215,DOKTORA LUDWIKA ZAMENHOFA,14,MARK PLUS EURODOM SPÓŁKA Z OGRANICZONĄ ODPOWIEDZIALNOŚCIĄ SPÓŁKA  KOMANDYTOWA,2020-02-10
216,DOKTORA LUDWIKA ZAMENHOFA,6/1A,ANUBIS POLSKA SPÓŁKA Z O. O.,2018-09-03
217,DOKTORA PILTZA,43 bud. 6/7 lok. 4,ROGOWSKI NORBERT,2018-08-11
218,DOLNYCH MŁYNÓW,3,TATARA EWA,2021-09-07
219,DOLNYCH MŁYNÓW,10,ZEMANEK ANNA,2021-07-14
220,DOLNYCH MŁYNÓW,10,"ZGÓRKIEWICZ KRZYSZTOF, WOŁKOUN MARCIN",2021-06-23
221,DOLNYCH MŁYNÓW,10,CAPPUCINO UNISZEWSKA IGA SPÓŁKA JAWNA,2021-07-05
222,DOLNYCH MŁYNÓW,10,LASTRIKO SPÓŁKA Z O.O. SPÓŁKA W ORGANIZACJI,2018-09-30
223,DOLNYCH MŁYNÓW,10 bud. nr 5,SZYMAŃSKI MICHAŁ,2021-11-28
224,DOLNYCH MŁYNÓW,10 lok. 2F,LASTRIKO SPÓŁKA Z O.O,2021-11-23
225,DOLNYCH MŁYNÓW,10/1B,FFS SPÓŁKA Z O.O.,2021-06-23
226,DOLNYCH MŁYNÓW,10/2C,"LEJKOWSKI LESZEK, LEJKOWSKA BARBARA, LEJKOWSKI MATEUSZ",2021-07-11
227,DOLNYCH MŁYNÓW,10/2G,JUST MEAT SP. ZO.O.,2022-01-10
228,DOLNYCH MŁYNÓW,10/2H,"LATAWIEC MAŁGORZATA, DANIELEWSKI MARCIN, KOSEK ADAM",2018-11-20
229,DOLNYCH MŁYNÓW,10/7A,"WIDOMSKA MAGDALENA, GAWRYLUK JACEK",2021-07-31
230,DOLNYCH MŁYNÓW,10/7B,"JASKÓLSKA MARTA, SCHEJBAL BARTOSZ",2021-06-20
231,DOMAGAŁY,25,SABAJ-SYSTEM SPÓLKA Z O. O.,2018-12-19
232,DOMINIKAŃSKA,1,LARIS SPÓŁKA Z O. O.,2020-04-01
233,DOMINIKAŃSKA,1,RYNEK SPÓŁKA Z O. O. SPÓŁKA KOMANDYTOWA,2021-03-16
234,DOMINIKAŃSKA,3,CULINARY GLOBAL CONCEPT SPÓŁKA Z O.O.SPÓŁKA KOM.,2021-03-31
235,DOMINIKAŃSKI,1,ATM SPÓŁKA ZO.O,2021-12-19
236,DOMINIKAŃSKI,4,MILTON W. ZAJAC SPÓŁKA JAWANA,2021-05-17
237,DOMKI,19/1,ZEMANEK JAKUB,2019-02-28
238,DR. LUDWIKA ZAMENHOFA,4/2A,MIKOŁAJCZAK ANIELA,2021-09-08
239,DROŻDŻOWA,2,KEFIREK SPÓŁKA AKCYJNA,2021-08-03
240,DWORCOWA,7,JAŚKÓW MICHAŁ,2021-03-10
241,DWORCOWA,5A,WRÓBEL KAMILA,2021-03-31
242,DWORCOWA,k/bl 11,DOAN VAN TRONG,2020-07-12
243,DYWIZJONU 303,73,KWADRATPIZZA.PL SPÓŁKA Z O.O. SPÓŁKA KOMANDYTOWA,2021-05-31
244,ELJASZA WALEREGO RADZIKOWSKIEGO,109,WAWEL-IMOS INTERNATIONAL SPÓŁKA AKCYJNA,2021-06-24
245,ELJASZA WALEREGO RADZIKOWSKIEGO,142,RADZIKOWSKIEGO SPÓŁKA Z O. O.,2020-05-05
246,EMAUS,3,PROST PRZĄDA OSTAFIN SPÓŁKA JAWNA,2020-11-26
247,EMAUS,28B,KONOPKA KRYSTYNA,2018-11-04
248,ESTERY,5,"ALCHEMIA WITYŃSKI, ŻAKOWSKI SPÓŁKA JAWNA",2018-02-28
249,ESTERY,10,KŁOS PAWEŁ,2020-09-29
250,ESTERY,12,SOCHA RAFAŁ,2018-10-27
251,ESTERY,14,WIDOMSKA KAMILA,2021-07-31
252,ESTERY,16,ŻUKOWSKI DARIUSZ,2018-01-10
253,ESTERY,18,PIK ENTERPRISE SPÓŁKA ZO.O.,2021-07-21
254,ESTERY,14 lok. A,WOŁEK ANDRZEJ,2019-03-31
255,ESTERY,18 /parter/,NOVA ADAM MELNYCZUK SPÓŁKA JAWNA,2020-12-31
256,ESTERY,18 Ip.,"""PREFECT ENETRTAINMENT GROUP SPÓŁKA Z O. O. I  SPÓŁKA"" SPÓŁKA KOMANDYTOWA",2018-12-31
257,FELDMANA,4/1A,PIOTR KRZYSZTOF,2017-05-13
258,FELICJANEK,10,DĘBSKI ŁUKASZ,2020-08-02
259,FELIKSA KONECZNEGO,4/11U,TROJAN GRZEGORZ,2021-04-21
260,FELIKSA KONECZNEGO,4/3U,SKOWRONEK MATEUSZ,2021-08-07
261,FELIKSA KONECZNEGO,6/14U,JANIAK MARIA,2020-08-30
262,FELIKSA WROBELA,13,"SEROWIECKA HANNA, SEROWIECKI JERZY",2021-09-21
263,FLISACKA,3,"KOGUT MAGDALENA, BRYG WIOLETTA, BRYG MARIA, BRYG WOJCIECH, BRYG MAREK",2018-02-13
264,FLORIANA STRASZEWSKIEGO,17,UBM-HPG SP. Z O.O.,2018-02-02
265,FLORIANA STRASZEWSKIEGO,27,PIRS SPÓŁKA Z O. O.,2021-11-19
266,FLORIANA STRASZEWSKIEGO,14-16,DONIMIRSKI JERZY,2020-06-20
267,FLORIAŃSKA,3,LUNZ JANUSZ,2018-03-03
268,FLORIAŃSKA,10,GHARBI JAMIL,2017-09-18
269,FLORIAŃSKA,11,"ZAWADZKA ZOFIA, ZWOLENIK IGOR",2017-07-06
270,FLORIAŃSKA,13,VIVA LA PINTA SPÓŁKA Z O. O.,2020-12-31
271,FLORIAŃSKA,14,HOLDING LIWA SPÓŁKA Z O. O.,2019-03-13
272,FLORIAŃSKA,15,"DWORZAŃSKI PIOTR, KOZIELSKI WOJCIECH",2021-06-12
273,FLORIAŃSKA,20,STAROPOLSKIE TRUNKI REGIONALNE SPÓŁKA Z O. O.,2018-04-10
274,FLORIAŃSKA,20,WĄSIK-DOUSA JOANNA,2019-12-18
275,FLORIAŃSKA,21,PIETRUSIŃSKA BARBARA,2021-07-11
276,FLORIAŃSKA,24,V.R.P. COMPANY SPÓŁKA Z O. O.,2018-06-24
277,FLORIAŃSKA,26,KAWIORSKI MAREK,2021-12-18
278,FLORIAŃSKA,27,WARMUZ ŁUKASZ,2020-04-14
279,FLORIAŃSKA,30,KOSTA SPÓŁKA Z O. O.,2018-09-03
280,FLORIAŃSKA,33,CARPE KRAKÓW SPÓŁKA Z O. O.,2018-05-19
281,FLORIAŃSKA,33,AMREST SPÓŁKA Z O.O.,2018-04-30
282,FLORIAŃSKA,33,PIK SPÓŁKA Z O. O. SPÓŁKA KOMANDYTOWA,2020-01-13
283,FLORIAŃSKA,34,MEX KRAKÓW SP. Z O.O.,2017-07-16
284,FLORIAŃSKA,34,MEX K SPÓŁKA Z O.O.,2021-07-27
285,FLORIAŃSKA,38,"DUTKIEWICZ MARIUSZ, DUTKIEWICZ JACEK, LALOWICZ MAŁGORZATA",2020-07-11
286,FLORIAŃSKA,39,"WIĘCEK PRZEMYSŁAW, WIĘCEK MICHAŁ",2019-11-06
287,FLORIAŃSKA,45,KULIŚ STANISŁAW,2018-07-24
288,FLORIAŃSKA,47,"VOIGHT ROBERT, TOTA JAN",2020-03-31
289,FLORIAŃSKA,53,"ZGÓRKIEWICZ KRZYSZTOF, WOŁKOUN MARCIN",2020-08-21
290,FLORIAŃSKA,55,FUNDACJA IM. KS. SIEMASZKI,2020-10-29
291,FLORIAŃSKA,43/6,MAŁOPOLSKA PRYWATNA KOMUNIKACJA SAMOCHODOWA SPÓŁKA Z O. O.,2018-02-26
292,FLORIAŃSKA,15 /piwnice/,NOWAK PAWEŁ,2020-02-09
293,FLORIAŃSKA,18 lok. U3 i UD,PONANTA ARTUR,2019-09-30
294,FLORIAŃSKA,47 /piwnice/,SMAGACZ TOMASZ,2019-01-14
295,FORTECZNA,22,NATALIA SPÓŁKA Z O.O.,2017-02-06
296,FORTECZNA,51,BOBEK ROBERT,2018-10-31
297,FRANCISZKA HYNKA,60,QUISAR SAFEER,2021-05-24
298,GAJOWA,16,"OSMAŃSKA MAŁGORZATA, STOKŁOSA ANNA, STOKŁOSA-CUCCINIELLO MARIA",2018-03-11
299,GALICYJSKA,9,SCC - SERVICE CONGRESS CENTER SPÓŁKA Z O. O.,2019-07-31
300,GALICYJSKA,9,SSC-SERVICE CONGRESS CENTER SPÓŁKA Z O.O.,2017-03-16
301,GARBARSKA,10,PMP REST SPÓŁKA Z O. O.,2018-08-07
302,GARBARSKA,18,MARK PLUS EURODOM SPÓŁKA Z OGRANICZONĄ ODPOWIEDZIALNOŚCIĄ SPÓŁKA KOMANDYTOWA,2021-06-07
303,GARNCARSKA,5,DUDEK ROBERT,2020-11-17
304,GAZOWA,4,STUDIO QULINARNE GRÜNING SPÓŁKA JAWNA,2020-11-30
305,GAZOWA,21,MARCHWIŃSKI JANUSZ,2020-10-05
306,GDYŃSKA,6,CONSILIA INVEST SPÓŁKA Z O. O.,2020-07-01
307,GEN. ANTONIEGO JÓZEFA MADALIŃSKIEGO,15/9-10,SZOSTAK ANNA,2021-09-30
308,GEN. ANTONIEGO JÓZEFA MADALIŃSKIEGO,15/9 i 10,SZOSTAK MONIKA,2021-12-31
309,GEN. AUGUSTA FIELDORFA-NILA,17 / JU-14,MOŹDZIŃSKI PIOTR,2020-12-06
310,GEN. HENRYKA KAMIEŃSKIEGO,10,LEWANDOWSKI KAZIMIERZ,2020-06-11
311,GEN. HENRYKA KAMIEŃSKIEGO,11,BONARKA RESTURACJA BRONOWICE SPÓŁKA Z O.O. SPÓŁKA KOMANDYTOWA,2020-10-08
312,GEN. HENRYKA KAMIEŃSKIEGO,11,DASOM SPÓŁKA Z O.O. SP. K.,2021-05-04
313,GEN. HENRYKA KAMIEŃSKIEGO,11,"ZDZIECH RAFAŁ, ŻYŁA SEBASTIAN, ZDZIECH-ŻYŁA SYLWIA",2021-11-16
314,GEN. JÓZEFA CHŁOPICKIEGO,3,SENDERSKA MARIA,2021-12-20
315,GEN. MICHAŁA KARASZEWICZA- TOKARZEWSKIEGO,35,"WÓJCIK MARCIN, CZEPIEL BOGUSŁAW",2018-03-24
316,GEN. ROMANA SOŁTYKA,19,BROSZKIEWICZ STANISŁAW,2020-08-21
317,GEN. STEFANA GROTA- ROWECKIEGO,9,"MARDYŁA EWA, MARDYŁA STANISŁAW, GROMNY JANINA",2019-01-11
318,GEN. STEFANA GROTA- ROWECKIEGO,37C,HOANG VIET,2020-05-13
319,GENERAŁA DWERNICKIEGO,5,FILARSKI WOJCIECH,2019-03-13
320,GĘSIA,22 A,LEGENDZIEWICZ JACEKK,2021-05-25
321,GLINIK,73,GRUCHAŁA JOANNA,2019-03-09
322,GŁOWACKIEGO,4,WITEK KAROLINA,2019-03-15
323,GŁÓWNY,10,WESELE MSHG SP. Z O.O.,2021-12-15
324,GŁÓWNY,11,WATKINS ROBERT,2021-12-14
325,GŁÓWNY,15,BONUS MANAGEMENT SP. Z O.O. SP.K.,2021-10-30
326,GŁÓWNY,17,SZARA GĘŚ MSHG SPÓŁKA Z O.O.,2021-12-15
327,GŁÓWNY,18,BALMAR M. KAŁUGA SPÓŁKA JAWNA,2022-01-11
328,GŁÓWNY,19,DA PIETRO ELŻBIETA NOWOSAD SPÓŁKA JAWNA,2021-04-07
329,GŁÓWNY,27,AMREST COFFEE SPÓŁKA Z O.O.,2021-08-11
330,GŁÓWNY,7/11,FIGA-2 ŁACHWA I WSPLNICY SPÓŁKA JAWNA,2021-06-21
331,GŁÓWNY,15-16,BONUS DEVELOPMENT SPÓŁKA Z O.O. SPÓŁKA KOMANDYTOWA,2021-08-31
332,GOŁAŚKA,4,SZPAK JOLANTA,2017-11-09
333,GOŁAŚKA,1A,"SZULC KAMIL, SZULC DARIUSZ",2021-10-06
334,GOŁĘBIA,2,YMY SPÓŁKA Z O. O.,2020-11-25
335,GOŁĘBIA,2,TAŁACH MATEUSZ,2020-08-05
336,GOŁĘBIA,3,FIRMA HANDLOWO-USŁUGOWA BORDO CAFE-RESTAURANT - PUB ADAM KRASNY SPÓŁKA JAWNA,2019-11-30
337,GOŁĘBIA,4,LUCHETTA ŁODZIŃSKA MAGDALENA,2019-05-20
338,GOŁĘBIA,5,GLOBAL STREET FOOD SPÓŁKA Z O.O.,2021-10-26
339,GOŁĘBIA,6,STREMPEL ALEKSANDRA,2017-10-22
340,GOŁĘBIA,8,WŁODARCZYK-KAZUBOWSKA DOROTA,2019-09-30
341,GRABOWSKIEGO,6/2,DO QUANG HAI,2018-07-11
342,GRABOWSKIEGO,8/9,SZUMILAS ARTUR,2018-07-03
343,GRĘBAŁOWSKA,12,KMD EKO-GALICJA SPÓŁKA Z O. O.,2018-04-07
344,GRODZKA,1,AGENCJA ROZWOJU OSOBISTEGO SPÓŁKA Z O. O.,2020-11-26
345,GRODZKA,2,RYPYŚĆ ANETA,2019-06-12
346,GRODZKA,3,KAWIORSKA TAMARA,2020-06-30
347,GRODZKA,5,FOLKLOR KULINARNY RADOSŁAW J. FRONC I WSPÓLNICY SPÓŁKA JAWNA,2019-11-04
348,GRODZKA,6,REST - KRAK GASTROX SPÓŁKA Z O. O. SPÓŁKA KOMANDYTOWA,2021-01-12
349,GRODZKA,9,SFINKS POLSKA S. A.,2019-04-14
350,GRODZKA,9,SFINKS POLSKA S. A.,2019-04-14
351,GRODZKA,11,SOWA DARIUSZ,2019-12-17
352,GRODZKA,21,FUNDACJA ŚWIĘTEGO WŁODZIMIERZA CHRZCICIELA RUSI KIJOWSKIEJ W KRAKOWIE,2020-04-21
353,GRODZKA,31,MIX BRANDS SPÓŁKA Z O. O.,2021-01-31
354,GRODZKA,32,JORDAN JAKUB,2020-06-09
355,GRODZKA,33,WIŚNIOWY SAD SPÓŁKA Z O. O.,2017-05-17
356,GRODZKA,34,"SZLEZYNGIER TOMASZ, MARDYŁA MACIEJ",2019-06-16
357,GRODZKA,35,ŁODZIŃSKI JACEK,2017-01-18
358,GRODZKA,35,ŁODZIŃSKI JACEK,2018-07-31
359,GRODZKA,37,"KĘDZIOR ANNA, ZAMORSKA BARBARA",2018-05-23
360,GRODZKA,39,ENOTEKA PERGAMIN SPÓŁKA Z O.O. SPÓŁKA KOMANDYTOWA,2021-07-07
361,GRODZKA,40,FOLKLOR KULINARNY RADOSŁAW J. FRONC I WSPÓLNICY SP. J.,2021-05-16
362,GRODZKA,41,FORTE DE LEO SPÓŁKA Z O. O.,2021-02-28
363,GRODZKA,42,KOPTA MARIUSZ,2018-10-31
364,GRODZKA,45,REGUŁA STANISŁAWA,2021-02-23
365,GRODZKA,51,SPRAY CONSULTING MARCIN RUSEK SPÓŁKA JAWNA,2020-04-25
366,GRODZKA,51,OSTACHOWSKI ZBIGNIEW,2021-09-11
367,GRODZKA,63,MSHG SPÓŁKA Z O.O.,2022-01-09
368,GRODZKA,65,"BEDNARCZYK ANITA, BEDNARCZYK LUCYNA",2019-06-16
369,GROMADZKA,22C,WIDACKA JADWIGA,2019-05-04
370,GROMADZKA,53A,BIERNACKI ARKADIUSZ,2020-07-13
371,GRYCZANA,30A,FIGIEL JACEK,2018-05-31
372,GRZEGÓRZECKA,17,OCIEPKA JACEK,2017-03-14
373,GRZEGÓRZECKA,21,PASTRAMI DELI SPÓŁKA Z O.O.,2021-08-02
374,GRZEGÓRZECKA,63,NOWAK TOMASZ,2021-01-12
375,GRZEGÓRZECKA,69,LE QUOC PHONG,2020-11-09
376,GRZEGÓRZECKA,71,MASTERS CATERING SPÓŁKA Z O.O.,2021-06-14
377,HALICKA,10/11 lok.214,CKB CENTRUM KREOWANIA BIZNESU SPÓŁKA Z O.O,2018-09-30
378,HELENY,2E,ZDEBSKA KATARZYNA,2017-09-14
379,HENRYKA PACHOŃSKIEGO,8A,NIGBOR DARIUSZ,2020-04-21
380,HENRYKA SIENKIEWICZA,27,GMD PROPERTIES SPÓŁKA Z O.O.  SPÓŁKA KOMANDYTOWA,2020-09-23
381,HETMANA ŻÓŁKIEWSKIEGO,26/3,BEREZA PAWEŁ,2017-02-01
382,IGOŁOMSKA,29B,PIWOSZ ELŻBIETA,2019-04-14
383,IGOŁOMSKA,dz. nr 7/2 obr. 41,GĘBALA MICHAŁ,2019-07-15
384,IZAAKA,1,WRÓBEL GRZEGORZ,2021-01-31
385,IZAAKA,3,KORSAK WITOLD,2020-12-31
386,IZAAKA,1/1,BOGUSZEWICZ JAROSŁAW,2017-02-25
387,IZAAKA,1/1,BOGUSZEWICZ JAROSŁAW,2022-02-25
388,IZAAKA,7/1,FHU BOHEMA KOZŁOWSKI I WSPÓLNICY SPÓŁKA JAWNA,2021-11-30
389,JABŁONOWSKICH,10/12,ARKA SPÓŁKA Z O. O.,2019-03-03
390,JAGIELLOŃSKA,2,REMO SPÓŁKA Z O. O. SPÓŁKA JAWNA,2020-05-28
391,JAGIELLOŃSKA,5,HOSSA KRAKÓW SPÓŁKA Z O.O.,2021-10-23
392,JAGIELLOŃSKA,10,"FOCA EVENTS SP. ZO.O., SP. KOMANDYTOWA, ., ., .",2020-04-21
393,JAGIELLOŃSKA,11,BANAŚ LILIANA,2019-03-07
394,JAGIELLOŃSKA,12,"LENATROWICZ ANITA, KOSTRUBAŁA KAROL",2020-07-09
395,JAGIELLOŃSKA,15,MRUGALSKA MONIKA,2018-08-12
396,JAGIELLOŃSKA,10 lok. B i C,"STRZELEC BARTOSZ, GAWRYLUK JACEK, EDRIES TIMUR, RADEL CORY",2020-04-21
397,JAGIELLOŃSKA,6/6A,NOWAK PAWEŁ,2018-11-13
398,JAKUBA,4,JOLEN SP. Z O.O.,2017-08-28
399,JAKUBA,19,"AGNIESZKA KONARSKA, ANDRZEJ KOSK I WSPÓLNICY SPÓŁKA KOMANDYTOWA",2021-01-12
400,JAKUBA MAJORA,9/38,COMBER AGNIESZKA,2018-06-04
401,JANA BUSZKA,4,JASICZEK EWA,2020-10-12
402,JANA MATEJKI,5,WALCZYK ELŻBIETA,2022-02-16
403,JANA NOWAKA- JEZIORAŃSKIEGO,3,BADOWSKI EUGENIUSZ,2017-12-31
404,JANA NOWAKA- JEZIORAŃSKIEGO,3,ALEKSANDER DYMACZ,2017-12-31
405,JANA PAWŁA II,78,"BIERNACKI MARIUSZ, BYTOWSKI MAREK",2018-06-02
406,JANA PAWŁA II,78,META SPÓŁKA Z O.O.,2021-08-01
407,JANA PAWŁA II,232,FUNDACJA PARTNERSTWO DLA ŚRODOWISKA,2020-09-02
408,JANA PIETRUSIŃSKIEGO,12,"BOGACKA MAŁGORZATA, WRÓBLEWSKA JOANNA",2020-06-08
409,JERZEGO SMOLEŃSKIEGO,110,HOSTEL GIRAFFE SPÓŁKA Z O.O.,2020-11-01
410,JERZMANOWSKIEGO,37,NGUYEN THI VAN,2019-08-10
411,JODŁOWA,13,FIRMA ZIYADA ZIYAD RAOOF I SPÓŁKA SPÓŁKA JAWNA,2018-05-26
412,JODŁOWA,13,"JARZYNA ROBERT, SALA MARCIN",2018-10-09
413,JONATANA WARSZAUERA,1/1,RZEPECKA MAGDALENA,2021-06-01
414,JOSELEWICZA,17-19,"BAŚ PAWEŁ, STOLAREK KRZYSZTOF",2018-07-29
415,JOSEPHA CONRADA,35,CHP KRAKÓW SPÓŁKA Z O.O. OPERATOR SPÓŁKA KOMANDYTOWA,2021-04-24
416,JOSEPHA CONRADA,83,AMREST SPÓŁKA Z O.O.,2021-05-11
417,JÓZEFA,2,GNATOWSKI PAWEŁ,2020-11-17
418,JÓZEFA,8,ŁUCZYŃSKA AGNIESZKA,2018-11-19
419,JÓZEFA,9,ZIELIŃSKI ZBIGNIEW,2019-11-03
420,JÓZEFA,11,RÓG MICHAŁ,2020-01-07
421,JÓZEFA,14,RESTAURACJA STARKA SPÓŁKA Z O. O.,2018-12-04
422,JÓZEFA,15,PIECHNIK MARLENA,2021-11-01
423,JÓZEFA,17,"KOLANKO NO 6 B. ZIARKOWSKA SPÓŁKA JAWNA, ., .",2018-01-14
424,JÓZEFA,17,"KALBARCZYK WANDA, KALBARCZYK REMIGIUSZ",2020-01-20
425,JÓZEFA,20,EUROCOOK SPÓŁKA Z O. O.,2020-03-26
426,JÓZEFA,24,HOTEL DEVELOPMENT GROUP SPÓŁKA Z O. O.,2017-06-19
427,JÓZEFA,25,NOSEK TOMASZ,2018-06-29
428,JÓZEFA,26,"SEWERYN BEATA, PRZYBYLSKI ŁUKASZ",2017-05-20
429,JÓZEFA,26,VARIOS ADAM MALNYCZUK SPÓŁKA JAWNA,2020-02-28
430,JÓZEFA,30,NOLOGO SPÓŁKA Z O.O.,2019-04-10
431,JÓZEFA,34,"KASZUBA MARIUSZ, SKUZA-KASZUBA ALEKSANDRA",2021-05-17
432,JÓZEFA,34,FABRYKA PIZZY SPÓŁKA Z O.O SPÓŁKA KOMANDYTOWA,2021-10-31
433,JÓZEFA,40,2OKNA BUDZIŁO I RUDEK SPÓŁKA JAWNA,2021-08-09
434,JÓZEFA,13/1,OSTAFIN ELIZA,2021-02-10
435,JÓZEFA,%16%,ROMAŃSKI WOJCIECH,2021-11-09
436,JÓZEFA,12 lok. 1 i 2,STUDNICKI WOJCIECH,2018-04-10
437,JÓZEFA,6 LOK 1 P,JOE6 SPÓŁKA Z O.O.,2021-11-29
438,JÓZEFA,"6/2U, 3U","SAŁAPA PAWEŁ, TOCZEK ROBERT",2021-11-14
439,JÓZEFA DIETLA,49,"KORSAK WITOLD, KORSAK BOLESŁAW",2020-12-31
440,JÓZEFA DIETLA,49,PRZYBYLSKA JÓZEFA,2018-12-23
441,JÓZEFA DIETLA,60,"BANAŚ JOANNA, SKOTNICKA KATARZYNA",2021-06-21
442,JÓZEFA DIETLA,64,STEAMLAND KRAKÓW SPÓŁKA Z O. O.,2021-02-24
443,JÓZEFA DIETLA,85,PRESTIGE COMPANY SPÓŁKA Z O.O.,2021-07-30
444,JÓZEFA DIETLA,58/6,SH&H SP. Z O.O. SP. K.,2020-08-17
445,JÓZEFA DIETLA,69/1,CLOUDS  SPÓŁKA Z O.O.,2021-12-04
446,JÓZEFA DIETLA,75/3,"ZAWISTOWSKA KAZIMIERA, MARZECKI TOMASZ",2020-06-30
447,JÓZEFA DIETLA,15/1,CZERWONKA PAULINA,2021-04-24
448,JÓZEFA DIETLA,46 lok. 3,"KHOLOO MANZOOR, CHOHAN SINGH SUKHBIR",2021-11-09
449,JÓZEFA DIETLA,46A,POTOCKA MAŁGORZATA,2021-08-04
450,JÓZEFA MACKIEWICZA,1,SZYMCZAK ALEKSANDER,2021-03-22
451,JÓZEFA MACKIEWICZA,17A,VIENNA G.R. SPÓŁKA Z O.O.,2019-09-30
452,JÓZEFA MARCIKA,27,RESTAURACJA LA FORCHETTA KRZESZOWIAK SPÓŁKA JAWNA,2020-08-20
453,JÓZEFA MONTWIŁŁA- MIRECKIEGO,8,"KŁYŚ ZBIGNIEW, BRAŚ MAREK",2017-09-17
454,JÓZEFA ROSTAFIŃSKIEGO,4,FUNDACJA STUDENTÓW I ABSOLWENTÓ AGH W KRAKOWIE ACADEMICA,2021-09-27
455,JÓZEFA ROSTAFIŃSKIEGO,10,FUNDACJA STUDENTÓW I ABSOLWENTÓW AKADEMII AGH W KRAKOWIE ACADEMICA,2021-09-10
456,JÓZEFA SZUJSKIEGO,5,"""BIURO TURYSTYKI ZWIĄZKU NAUCZYCIELSTWA POLSKIEGO ""LOGOSTOUR"" SPÓŁKA Z O.O.""",2020-12-31
457,JÓZEFIŃSKA,2,WAWA-GASTRO SPÓŁKA Z O.O.,2018-01-27
458,JÓZEFIŃSKA,4/2,PROWALSKI MARCIN,2020-12-21
459,JÓZEFIŃSKA,"4 / 3, 4 i 5",BOOGIE SPÓŁKA Z O. O.,2018-09-04
460,JÓZEFITÓW,11/3,ŚLIWA MIŁOSZ,2020-01-31
461,JUGOWICKA,10C,LABORATORIUM KOSMETYKÓW NATURALNYCH FARMONA SPÓŁKA Z O. O.,2018-11-09
462,JULIANA TUWIMA,21 A,KUĆ STANISŁAW,2021-05-30
463,JULIUSZA KOSSAKA,1,OSTACHOWSKI ZBIGNIEW,2021-09-11
464,JULIUSZA LEA,34,ZALEJSKI WIESŁAW,2021-11-30
465,JULIUSZA LEA,16A/102,REST KOŁODZIEJCZYK MIKOŁAJCZYK SPÓŁKA JAWNA,2020-10-19
466,JULIUSZA LEA,253A,HAJDZIŃSKA GENOWEFA,2020-11-26
467,JUTRZENKA,36,BIERNACIK DOROTA,2022-01-05
468,KALINOWE,4,WISZNIEWSKA JOANNA,2021-08-31
469,KALWARYJSKA,16,PAWEŁ MICHOŻEWSKI,2021-05-23
470,KALWARYJSKA,25,VAN THINH PHAN,2018-09-05
471,KALWARYJSKA,26,GRUPA AMEX SPÓŁKA Z O. O.,2019-08-19
472,KALWARYJSKA,32,GRYCH TOMASZ,2021-07-06
473,KALWARYJSKA,70,"NGUYEN THI BI, PHAM ANH KHOI",2018-04-16
474,KALWARYJSKA,60/1,WARCHOŁ-POLAK AGNIESZKA,2019-09-30
475,KALWARYJSKA,9-15,CASINO SPÓŁKA Z O.O.,2018-02-18
476,KALWARYJSKA,9-15,NAROWSKA DOROTA,2019-08-06
477,KAMIENNA,17,POLPUB SPÓŁKA Z O.O.,2017-09-06
478,KAMIENNA,19,WÓJTOWICZ KRYSTYNA,2020-10-14
479,KAMIENNA,2-4,TRZY CZWARTE SPÓŁKA Z O. O.,2019-01-31
480,KAMIENNA,3-4,TRZY CZWARTE SP. ZO.O.,2017-05-13
481,KAMIEŃSKIEGO,11,AMREST SPÓŁKA Z O. O.,2019-01-06
482,KAMIEŃSKIEGO,11,AMERICAN TRADING COMPANY SPÓŁKA Z O. O.,2019-02-13
483,KAMIEŃSKIEGO,11,DOMINIUM S. A.,2018-12-30
484,KAMIEŃSKIEGO,11,KRASUSKA KATARZYNA,2019-11-19
485,KAMIEŃSKIEGO,11,CINEMA CITY POLAND - CC SPÓŁKA Z O. O. SPÓŁKA JAWNA,2019-12-10
486,KAMIEŃSKIEGO,11,AMREST SPÓŁKA Z O. O.,2020-01-20
487,KAMIEŃSKIEGO,11,"LE JOANNA, LE SON",2020-02-25
488,KAMIEŃSKIEGO,11,NIEMIEC EWA,2020-02-12
489,KAMIEŃSKIEGO,11,NIEMIEC PIOTR,2020-02-12
490,KANONICZA,7,WESELE MSHG SPÓŁKA Z O.O.,2021-12-15
491,KANONICZA,11,BONA MEDIA SPÓŁKA Z O. O.,2019-02-13
492,KANONICZA,15,"DYDEK MAŁGORZATA, DYDEK RYSZARD",2021-03-30
493,KANONICZA,16,HOLDING LIWA SPÓŁKA Z O. O.,2019-03-13
494,KANONICZA,22,LITWIN STANISŁAW,2019-05-13
495,KAPELANKA,54,MAXIPIZZA S. A.,2020-11-25
496,KAPELANKA,15 A,"THI BI NGUYEN, ANH KHOI PHAM",2021-06-08
497,KARMELICKA,3,KOLASA AGATA,2020-12-19
498,KARMELICKA,7,"BLICHARSKA-MÓL ANNA, MÓL SEBASTIAN",2020-02-28
499,KARMELICKA,7,Z.B.K. SPÓŁKA Z O.O. W ORGANIZACJI,2021-06-21
500,KARMELICKA,7,UMAMI GASTRO SPÓŁKA Z O.O.,2021-12-20
501,KARMELICKA,9,"MIKITA IWONA, SAWCZYN KATARZYNA",2018-09-30
502,KARMELICKA,10,"ORŁOWSKA LIDIA, ZAJĄC WIESŁAW",2019-02-11
503,KARMELICKA,10,TI AMO TI SPÓŁKA Z O. O.,2019-05-09
504,KARMELICKA,14,FRIENDS COFFEE - R.J.FRONC R. CHRZSZCZ SP. J.,2020-11-29
505,KARMELICKA,15,DABI IWONA I STANISŁAW HELLSTEIN SPÓŁKA JAWNA,2020-04-28
506,KARMELICKA,17,"WASZKIEWICZ STANISŁAWA, WASZKIEWICZ ADAM",2017-05-10
507,KARMELICKA,22,PIZZERIA BANOLLI LOGISTYKA SPÓLKA Z OGRANICZONĄ ODPOWIEDZIALNOŚCIĄ SPÓLKA KOMANDYTOWA,2019-08-22
508,KARMELICKA,29,"SIEMBAK WIESŁAWA, SIEMBAK RYSZARD",2018-05-09
509,KARMELICKA,36,"STEFAŃSKA ANNA, PIWOWARSKA MONIKA",2018-12-31
510,KARMELICKA,39,"KOT KAZIMIERZ, DUDZIK JOANNA",2021-10-09
511,KARMELICKA,41,SIEMBAK MAREK,2019-04-14
512,KARMELICKA,3/3,JAKUBCZAK JAROSŁAW,2019-08-17
513,KARMELICKA,12A,GARBARY APART HOTEL SPÓŁKA Z  O. O.,2021-02-28
514,KARMELICKA,43A/1,ZNISZCZOŁ ELŻBIETA,2019-08-08
515,KARMELICKA,51/2A,TOMERA TERESA,2017-09-05
516,KARMELICKA,54 lok 2,DUDA-MARKIEWICZ TAMARA,2020-08-05
517,KARMELICKA,68A,KWAŚNICA ROBERT,2021-02-23
518,KARPACKA,2B,TOKARZ ZBIGNIEW,2020-07-04
519,KAWIORY,8 lok. 1 i 2,STASZEL DANUTA,2019-10-02
520,KAZIMIERZA BRODZIŃSKIEGO,3,SYRYTCZYK JERZY,2018-09-08
521,KAZIMIERZA BRODZIŃSKIEGO,4 LU 1,BLASZCZYK KINGA,2021-06-29
522,KAZIMIERZA BRODZIŃSKIEGO,4/U2,KUCY MIŁOSZ,2021-01-22
523,KAZIMIERZA CHAŁUPNIKA,16,"SUROWIEC JANUSZ, SUROWIEC TOMASZ",2020-06-22
524,KAZIMIERZA WIELKIEGO,34,LAL KATARZYNA,2019-05-13
525,KAZIMIERZA WIELKIEGO,51,GAZDA BOGDAN,2020-06-14
526,KAZIMIERZA WIELKIEGO,117,ROZMARYNOWICZ MICHAŁ,2020-10-14
527,KAZIMIERZA WIELKIEGO,117,JÓŹWIK SEBASTIAN,2020-09-08
528,KĄCIK,6,ALLIANCE V&V SPÓŁKA Z O.O.,2021-12-15
529,KĄPIELOWA,70,PRZEDSIĘBIORSTWO PROJEKTOWO-BUDOWLANE I USŁUG RÓŻNYCH BUDOPROJEKT SPÓŁKA Z O. O.,2020-04-29
530,KIJANKI,2,NARA SPÓŁKA Z O.O. SPÓŁKA KOMANDYTOWA,2021-06-08
531,KLASZTORNA,18,MROCZKOWSKA ANNA,2017-01-15
532,KLASZTORNA,25,MROZOWSKA DAGMARA,2020-09-16
533,KOBIERZYŃSKA,47,SYMPOZJUM SPÓŁKA Z O. O.,2019-02-12
534,KOBIERZYŃSKA,142,MOŁOŃ PAWEŁ,2020-01-06
535,KOBIERZYŃSKA,175,CONSORITO SPÓŁKA Z O.O.. W ORGANIZACJI,2021-04-10
536,KOBIERZYŃSKA,142A,PIECZARA DOMINIK,2019-06-30
537,KOBIERZYŃSKA,142A/1,PIECZARA PATRYCJA,2021-11-14
538,KOCMYRZOWSKA,43,KUCHARSKI KAROL,2018-07-09
539,KOLETEK,20,"PRZEBINDA ZBIGNIEW, WIKLIK ZBIGNIEW",2019-05-06
540,KOLETEK,11/13,"SZCZYGIELSKI KAROL, SZCZYGIELSKI KACPER",2020-10-20
541,KOLISTA,12,ZALECH GRZEGORZ,2019-02-13
542,KOLNA,2,KRAKOWSKI KLUB KAJAKOWY,2018-04-17
543,KOLNA,dz. nr. 370 obr. 2,SAROTA JAROSŁAW,2019-10-26
544,KONECZNEGO,6/U18,RACHTAN-GROCHAL MAŁGORZATA,2018-12-04
545,KONFEDERACKA,4,KOMINKO BARBARA,2020-02-15
546,KONFEDERACKA,4,KOMINKO JAKUB,2021-12-13
547,KONFEDERACKA,27,OSSOWSKA JOANNA,2021-05-01
548,KONOPNICKIEJ,17,MASTERS CATERING SP. Z O.O.,2017-02-25
549,KONOPNICKIEJ,26,"BRĄGIEL AGNIESZKA, ZIELIŃSKI RAFAŁ",2018-04-17
550,KONOPNICKIEJ,28,"KMIEĆ DOMINIKA, MICHAŁOWSKI ARTUR, MALINOWSKI MACIEJ",2018-04-25
551,KORDIANA,19,"LEDWOS ARTUR, LEDWOS PRZEMYSŁAW",2019-01-31
552,KORNELA MAKUSZYŃSKIEGO,2,PIKOR BARTŁOMIEJ,2020-08-04
553,KORNELA MAKUSZYŃSKIEGO,4,"PRZEDSIĘBIORSTWO HANDLOWE CENTER CRACOW JANUSZ NOWOSAD, LESZEK KOSZAŁKA SPÓŁKA JAWNA",2018-08-05
554,KOSOCICKA,105A,SKÓRKA KATARZYNA,2020-03-09
555,KOSYNIERÓW,5,MAJEWSKI JÓZEF,2021-06-30
556,KOŚCIUSZKI,3,SZCZEPKOWICZ BOGUSŁAW,2020-03-16
557,KOŚCIUSZKI,14,JOPEK WIESŁAW,2017-09-16
558,KOZIA,22,WŁODARCZYK ŁUKASZ,2017-07-11
559,KOZIENICKA,78,JĘDRZEJCZYK GRAŻYNA,2021-05-12
560,KRAKOWSKA,10,"KALETA MATEUSZ, KRUPA PRZEMYSŁAW",2019-09-02
561,KRAKOWSKA,27,GOSTYLLA MICHAŁ,2020-11-11
562,KRAKOWSKA,28,HTI SPÓŁKA Z O.O.,2021-06-23
563,KRAKOWSKA,30,DADA COMMUNICATION SPÓŁKA Z O.O.,2021-11-30
564,KRAKOWSKA,41,MARCHWIŃSKI JANUSZ,2021-12-29
565,KRAKOWSKA,5/3U,OBŁOZA INGA,2020-12-27
566,KRAKOWSKA,5/U25,LORENZETTI BARBARA,2017-04-19
567,KRAKUSA,11,FOOD-UA SPÓŁKA Z O. O.,2018-12-31
568,KRAKUSA,13,GÓRSKI MACIEJ,2020-04-19
569,KRASICKIEGO,18,BALICKI BOGDAN,2017-02-09
570,KRASZEWSKIEGO,36,TYBUSZEWSKI EDWARD,2020-01-12
571,KREMEROWSKA,16,SUŁKOWSKI OSKAR,2018-12-31
572,KROWODERSKA,31,GAŁUSZKA ELŻBIETA,2018-02-14
573,KROWODERSKA,31,HOSTEL GIRAFFE SPÓŁKA Z O.O.,2021-06-05
574,KROWODERSKA,71,"SZEPIETOWSKA URSZULA, SKRZESZEWSKI MARCIN",2020-11-19
575,KROWODERSKA,71,SKRZESZEWSKI MARCIN,2021-12-31
576,KROWODERSKA,21 lok. 2,MOZGAŁA ŁUKASZ,2021-11-15
577,KROWODERSKICH ZUCHÓW,21,AMREST SPÓŁKA Z O. O.,2020-03-01
578,KRÓLEWSKA,1,"STOCHLIŃSKI PIOTR, KASPERKIEWICZ JANUSZ",2017-11-05
579,KRÓLEWSKA,55,MOSÓR GRZEGORZ,2020-09-22
580,KRÓLEWSKA,84,WOLAŃSKI MARIUSZ,2019-03-13
581,KRÓLEWSKA,88,"TABAK AGATA, KOTALA JERZY",2017-03-12
582,KRÓLEWSKA,88,"TABAK AGATA, KOTALA JERZY",2018-05-12
583,KRÓLEWSKA,65A,"KOLARSKA MAGDALENA, KOLARSKI PAWEŁ",2019-07-31
584,KRÓLOWEJ JADWIGI,4,BUDWEIL FILIP,2017-09-30
585,KRÓLOWEJ JADWIGI,136,KATERING DIETEYCZNY KRAKÓW SPÓŁKA Z O.O.,2021-05-13
586,KRÓLOWEJ JADWIGI,223,SUSZKO WACŁAW,2021-02-15
587,KRÓLOWEJ JADWIGI,248,CZEKAJ-GROCHOWSKA JUSTYNA,2018-02-28
588,KRÓLOWEJ JADWIGI,250,"BUJAK JOANNA, BUJAK PIOTR, BERNUZZI STEFANO",2020-05-12
589,KRUPNICZA,3,SISSI 1 SPÓŁKA Z O. O.,2020-10-08
590,KRUPNICZA,6,NOWINA KONOPKA IWO,2018-04-14
591,KRUPNICZA,6,WIŚNIOWSKA IZABELLA,2020-03-09
592,KRUPNICZA,7,NIEMIEC PIOTR,2017-02-19
593,KRUPNICZA,20,"DYNIA CAFE BAR KLIMEK, ŁODZIŃSKI SPÓŁKA JAWNA",2020-07-07
594,KRUPNICZA,22,GREEN WAY KRAKÓW SPÓŁKA Z O. O.,2018-11-14
595,KRUPNICZA,26,"DYNIA CAFE BAR KLIMEK, ŁODZIŃSKI SPÓŁKA JAWNA",2018-06-13
596,KRUPNICZA,14/1,SMITH MAŁGORZATA,2018-04-16
597,KRUPNICZA,12/U4,JAREMKO KRZYSZTOF,2019-06-23
598,KRUPNICZA,7/5U,SYGUŁA DAWID,2018-01-11
599,KRUSZWICKA,21C,DOAN VAN TRONG,2020-01-14
600,KRUSZWICKA,22A,NOWAKOWSKA KATARZYNA,2018-06-14
601,KRZYWA,7,ATRIUM - HOTEL SZEWCZYKOWIE I WSPÓLNICY SPÓLKA JAWNA,2020-01-19
602,KRZYWDA,1,WIDOMSKI TADEUSZ,2017-05-17
603,KRZYWDA,14,HOA THANH SPÓŁKA Z O. O.,2020-05-06
604,KRZYŻAŃSKIEGO,66,"MICHALIK EDYTA, BROŻEK EDWARD",2019-06-14
605,KS. IGNACEGO JANA SKORUPKI,30,SKRZYNIARZ EDYTA,2021-03-17
606,KS. JÓZEFA MEIERA,26,LEWICKI BARTOSZ,2020-07-08
607,KSIĘCIA JÓZEFA,91,"KUMALA MAŁGORZATA, KUMALA KRZYSZTOF",2021-06-07
608,KSIĘCIA JÓZEFA,120,"JAREMKO KRZYSZTOF, MOSÓR GRZEGORZ",2017-03-14
609,KSIĘCIA JÓZEFA,24A,PRZEDSIĘBIORSTWO RAMATECH SPÓŁKA Z O. O.,2019-12-31
610,KSIĘDZA MACHAYA,1,NÓŻKA JOANNA,2018-09-04
611,KSIĘDZA SIEMASZKI,15A,CATERMED SPÓŁKA AKCYJNA,2017-03-05
612,KSIĘDZA ŚCIEGIENNEGO,49A,GRZESIAK ELŻBIETA,2018-12-19
613,KUPA,6,"BERNARD-BERNUZZI DOROTA, BERNUZZI STEFANO",2019-04-30
614,KUPA,12,SANDALIA SPÓŁKA Z O. O.,2020-02-11
615,KUPA,15,"OZDOBA SEBASTIAN, SZYMAŃSKI ŁUKASZ",2018-04-11
616,KURNIKI,3,"CZESAK WIESŁAW, GĄDEK-WYPASEK ZOFIA",2018-07-08
617,KURNIKI,3,GO SPÓŁKA Z O. O. S.K.A.,2018-05-19
618,KURNIKI,3,BORKOWSKI SEWERYN,2021-06-15
619,KURNIKI,6/1,KRYPLA JADWIGA,2021-04-05
620,LEA,145A,TIDONA GIORGIO,2019-04-22
621,LEA,90A,OBRĘBSKA ALINA,2017-07-25
622,LEGNICKA,3,"FIRMA HANDLOWA EWA WĄCŁAWSKA, MAREK WĄCŁAWSKI SPÓŁKA JAWNA",2017-07-31
623,LEMA,7,META SPÓŁKA Z O. O.,2019-10-31
624,LEONA PETRAŻYCKIEGO,27,"PTAK PRZEMYSŁAW, ROSS MATEUSZ, CIEŚLIKOWSKI ŁUKASZ",2017-09-09
625,LEONA PETRAŻYCKIEGO,27,"NOWAK PATRYCJA, KSIĄŻEK MACIEJ",2021-11-22
626,LEONIDA TELIGI,37,SIWY JÓZEF,2020-06-11
627,LIBROWSZCZYZNA,3,RADOŃ LENA,2021-09-28
628,LIBROWSZCZYZNA,4/14,ORDOWSKA JADWIGA,2021-02-15
629,LINDEGO,22,PIETRAS MAGDALENA,2018-12-18
630,LIPOWA,4 H,"WITYSKI ALEKSANDER, ŻAKOWSKI JACEK",2021-05-18
631,LIPOWA,4A,LOFT 4A SPÓŁKA Z O. O.,2021-01-28
632,LIPOWA,6F,"JAROSZ JANUSZ, WOŹNIAK PAWEŁ",2018-10-14
633,LIPOWSKIEGO,24,KLISIEWICZ MARCIN,2019-02-26
634,LIPSKA,51,BOROWSKA JADWIGA,2021-03-10
635,LIPSKA,53/1A,KUPOL-BUD SPÓŁKA Z O. O.,2021-01-13
636,LITEWSKA,13,KACZMAREK PIOTR,2020-10-08
637,LUBELSKA,10,HOANG HUU TRUONG,2021-01-11
638,LUBICZ,5,GEMBARA KRZYSZTOF,2018-11-15
639,LUBICZ,15,STRZEBOŃSKA ANNA,2020-07-29
640,LUBICZ,26,LAI ADRIANA,2021-07-20
641,LUBICZ,30,RACHTAN CECYLIA,2018-11-09
642,LUBICZ,"17/B,J",BROWAR LUBICZ SPÓŁKA Z O.O. SPÓŁKA KOMANDYTOWA,2020-08-30
643,LUBOSTROŃ,15,SOBOL ARTUR,2020-12-09
644,LUBOSTROŃ,22G/LU05,EATALIA SPÓŁKA Z O. O.,2020-10-28
645,LUBOSTROŃ,22G/LU11,"KOWALCZYK JOANNA, HACHUŁA CELINA",2020-06-17
646,LUCJANA RYDLA,6,KANIAK RYSZARD,2021-11-08
647,LUSIŃSKA,9A-9B,PRZEDSIĘBIORSTWO PROJEKTOWO-BUDOWLANE I USŁUG RÓŻNYCH BUDOPROJEKT SPÓLKA Z O. O.,2019-05-15
648,LWOWSKA,19,CHMOLOWSKI ARTUR,2020-05-04
649,LWOWSKA,2/1,"ŚLIWIŃSKA WIESŁAWA, BARANEK MARIA",2020-04-30
650,LWOWSKA,4/1,PROMETRA SPÓŁKA Z O. O.,2017-08-09
651,LWOWSKA,15C,BARTOSIK TOMASZ,2021-03-03
652,ŁAGIEWNICKA,50C,SAPETA STEFAN,2018-12-19
653,ŁOBZOWSKA,3,BBCK SPÓŁKA Z O. O.,2018-11-04
654,ŁOBZOWSKA,8,HTI SPÓŁKA Z O. O.,2019-12-16
655,ŁOBZOWSKA,20,KOSZKUL WIESŁAW,2017-05-23
656,ŁUCZANOWICKA,21,DWOREK KRAKOWSKI SPÓŁKA Z O.O.,2021-05-13
657,ŁUŻYCKA,32E,MAJ STANISŁAWA,2020-12-01
658,MACKIEWICZA,14B,NEW WORLD JOINT-VENTURE SPÓŁKA Z O.O.,2017-03-15
659,MAJORA,5A/1,ROZLACHOWSKA LIDIA,2017-08-20
660,MALBORSKA,34,AUGUSTYNOWICZ ARTUR,2021-03-31
661,MALBORSKA,35,KWADRATPIZZA.PL SPÓŁKA Z O.O.SPÓŁKA KOMANDYTOWA,2021-03-28
662,MALBORSKA,65,MICHOŃ CZESŁAW,2017-10-03
663,MAŁY RYNEK,4,"WOŁKOUN MARCIN, ZGÓRKIEWICZ KRZYSZTOF",2017-04-17
664,MAŁY RYNEK,4,ODUS SPÓŁKA Z O. O.,2019-09-09
665,MAŁY RYNEK,4,"BOROŃ ANNA, IGNAS-MADEJ WERONIKA",2021-03-09
666,MAŁY RYNEK,7,QLT RESTAURANT & BAR SPÓŁKA Z O. O.,2020-06-25
667,MARIACKI,1,CIRCUS FAMILY SPÓŁKA Z O.O.,2021-06-22
668,MARIACKI,1 LOK. 3,KHALAF AJMI,2021-10-25
669,MARII I BOLESŁAWA WYSŁOUCHÓW,2,WŁODARCZYK JAKUB,2021-11-30
670,MARII I BOLESŁAWA WYSŁOUCHÓW,25D,WOJCIESZAK MAŁGORZATA,2020-10-12
671,MARII KONOPNICKIEJ,17,MASTERS CATERING SPÓŁKA Z O.O.,2021-05-24
672,MARII KONOPNICKIEJ,28,"KMIEĆ DOMINIKA, MICHAŁOWSKI ARTUR, MALINOWSKI MACIEJ",2017-10-06
673,MARII KONOPNICKIEJ,33,HOTELS GLOBAL INVESTMENT GROUP SPÓŁKA Z O. O.,2020-12-20
674,MARII KONOPNICKIEJ,33,HOTELS GLOBAL INVESTMENT GROUP SPÓŁKA Z O.O.,2018-05-18
675,MARII KONOPNICKIEJ,11/1,JAOWRSKI STANISŁAW,2020-09-29
676,MARII KONOPNICKIEJ,92B,CHRUŚCICKA LIDIA,2020-08-31
677,MARSZ. JÓZEFA PIŁSUDSKIEGO,27,IGNIS SPÓŁKA Z O.O,2021-07-21
678,MARSZAŁKA PIŁSUDSKIEGO,24,JASIŃSKA-KOSELA GRAŻYNA,2020-04-14
679,MAZOWIECKA,33,TRAN DUY KHANH,2021-02-24
680,MAZOWIECKA,21/1,TARABUŁA MAREK,2019-04-19
681,MAZOWIECKA,28A,NOGA ANITA,2018-05-12
682,MAZOWIECKA,28B,SZYMCZYK GRZEGORZ,2019-05-06
683,MEDWECKIEGO,2,NIEMIEC PIOTR,2017-10-03
684,MEDWECKIEGO,2,DP POLSKA S. A.,2019-10-22
685,MEISELSA,2,KOTARSKI MARIAN,2020-10-21
686,MEISELSA,5,"BAŃDO KATARZYNA, KOVACS ILLES",2021-02-25
687,MEISELSA,5,"OMIADZE ZVIAD, KONOPKA WOJCIECH",2022-01-31
688,MEISELSA,9,WIŚNIOWSKA EWA,2017-04-26
689,MEISELSA,11,ŁUDZIK ANNA,2021-04-11
690,MEISELSA,14,FABREST SPÓŁKA Z O.O.,2021-04-21
691,MEISELSA,17,WITKOWSKI ARTUR,2018-05-08
692,MEISELSA,18,"WITYŃSKI ALEKSANDER, ŻAKOWSKI JACEK",2021-06-24
693,MEISELSA,20,WITKOWSKI ARTUR,2017-01-18
694,MEISELSA,20,WITKOWSKI ARTUR,2022-01-18
695,MEISELSA,24,BOMBA TOMASZ,2017-03-31
696,MEISELSA,24,BEDNARCZYK  EDYTA,2021-04-07
697,MEISELSA,22 lok. 3,KIDOŃ MONIKA,2020-10-19
698,MEISELSA,24 lok. 1 I 2,KARKOSZ ARTUR,2020-04-27
699,MEISSNERA,19,PIZZERIA BANOLLI LOGISTYKA SPÓLKA Z OGRANICZONĄ ODPOWIEDZIALNOŚCIĄ SPÓLKA KOMANDYTOWA,2019-09-30
700,METALOWCÓW,4,SZCZEPAŃSKI JACEK,2019-02-14
701,MICIŃSKIEGO,2,SEWIOŁŁO JACEK,2018-01-10
702,MIECZYSŁAWA MEDWECKIEGO,2,AMREST SPÓŁKA Z O. O.,2021-02-28
703,MIECZYSŁAWA MEDWECKIEGO,2,CARREFOUR POLSKA SPÓŁKA Z O.O.,2021-07-20
704,MIKOŁAJA ZYBLIKIEWICZA,9,STANEK TOMASZ,2018-02-27
705,MIKOŁAJSKA,2,"OSTROWSKA-ZAKRZEWSKA MARIOLA, ZAKRZEWSKI MICHAŁ, ZAKRZEWSKI TOMASZ",2017-06-14
706,MIKOŁAJSKA,2,PIERKIEL-ZĘBALA GRAŻYNA,2017-02-28
707,MIKOŁAJSKA,2,KLUB POD PAPUGAMI SPÓŁKA Z O. O.,2018-02-18
708,MIKOŁAJSKA,2,LORKOWSKA AGATA,2020-04-28
709,MIKOŁAJSKA,3,ELTRINGHAM PATRYCJA,2018-11-11
710,MIKOŁAJSKA,3,SINGH SURJIT,2020-04-06
711,MIKOŁAJSKA,5,"FILEWICZ KAROLINA, FILEWICZ KATARZYNA",2018-12-31
712,MIKOŁAJSKA,5,PAPRYCZKI 5 M.GAWRYLUK SPÓŁKA JAWNA,2020-10-24
713,MIKOŁAJSKA,5,SENFT MONIKA,2021-12-07
714,MIKOŁAJSKA,9,PRO-BAR SPÓŁKA Z O.O.,2017-01-15
715,MIKOŁAJSKA,9,DZIEDZIC DAGMARA,2017-08-08
716,MIKOŁAJSKA,9,PRO-BAR SPÓŁKA Z O.O.,2022-01-15
717,MIKOŁAJSKA,13,ADAMCZUK & OLCHAWSKA SPÓŁKA Z O. O.,2020-11-02
718,MIKOŁAJSKA,14,ROSZKOWSKI MACIEJ,2021-09-05
719,MIKOŁAJSKA,16,CYKLOP SPÓŁKA Z O. O.,2020-08-12
720,MIKOŁAJSKA,20,WOŻNIAK RYSZARD,2018-10-15
721,MIKOŁAJSKA,24,KOZŁOWSKI KRZYSZTOF,2018-04-14
722,MIKOŁAJSKA,28,"HOTEL ""WIT STWOSZ"" PARAFII BAZYLIKI MARIACKIEJ",2019-03-19
723,MIKOŁAJSKA,30,MIKOŁAJ SPÓŁKA Z O.O.,2021-07-31
724,MIKOŁAJSKA,11/LU 2,TŁUSZCZ ARTUR,2017-06-05
725,MIŁKOWSKIEGO,3,"DYRDA MARIA, SZCZUREK RENATA",2017-03-20
726,MIODOWA,3,SOKÓŁ KATARZYNA,2019-08-29
727,MIODOWA,7,TROUNG ANH DINH,2018-10-10
728,MIODOWA,7,"DZIAŁOWY SYLWIA, DZIAŁOWY PIOTR",2018-12-05
729,MIODOWA,8,ZAJĄCZKOWSKI PIOTR,2017-05-21
730,MIODOWA,11,"""METROPOLITAN 2005"" SPÓŁKA Z O. O.",2017-12-19
731,MIODOWA,14,OLIWA JERZY,2020-12-14
732,MIODOWA,16,RAJPOLD ADAM,2018-01-16
733,MIODOWA,21,KRUPSKI PRZEMYSŁAW,2017-08-23
734,MIODOWA,22,JASIAK BOŻENA,2018-02-28
735,MIODOWA,25,LEDWOS ARTUR,2017-06-05
736,MIODOWA,25,LEDWOS MIESZKO,2020-10-06
737,MIODOWA,28,PAWLIKOWSKA-LIZOŃ MONIKA,2017-01-31
738,MIODOWA,31,RATAJCZYK IZABELA,2020-06-18
739,MIODOWA,33,TRZEŚNIOWSKI ANDRZEJ,2021-08-31
740,MIODOWA,39,POLAKOWSKI SPÓŁKA Z O.O.,2018-02-20
741,MIODOWA,43,SIERPIŃSKA JOANNA,2020-03-23
742,MIODOWA,51,HUDZIK WOJCIECH,2020-02-12
743,MIODOWA,53,SKIBA TOMASZ,2019-07-13
744,MIODOWA,23/1,SYSŁO JAKUB,2019-12-04
745,MIODOWA,20/3,"PABIAŃCZYK ANNA, MICHNO LESZEK",2020-05-20
746,MIODOWA,9/2,BURGERBAR SPÓŁKA Z O. O.,2020-06-10
747,MIODOWA,13A,NOWAKOWSKI CEZARY,2019-02-13
748,MIODOWA,19 / 2A i 3A,M19 SPÓŁKA Z O. O.,2021-02-03
749,MIODOWA,20/U3,KORSAK WITOLD,2020-12-31
750,MIODOWA,"43 / 2, III, 6 i 7",MIODOVA RESTAURANT ELŻBIETA JUSZCZAK SPÓŁKA KOMANDYTOWA,2019-08-06
751,MIODOWA,9/U1,"MROCZEK KAMILA, MROCZEK MACIEJ",2019-12-31
752,MŁYŃSKA,8,HOANG THI LY,2021-03-01
753,MOGILSKA,11,UDZIELA ANNA,2020-01-14
754,MOGILSKA,18,HA LE THANH,2018-07-08
755,MOGILSKA,35,"DABROWSKI KEVIN, JASIŃSKI KRZYSZTOF",2020-05-15
756,MOGILSKA,37,MŁYNARCZYK DARIUSZ,2020-01-16
757,MOGILSKA,16/3,KOWALSKA OLIWIA,2019-11-19
758,MOGILSKA,86/15A,FAJTO KRYSTYNA,2021-12-31
759,MONTE CASSINO,2,"""SOF DĘBNIKI DEVELOPMENT"" SPÓŁKA Z O. O.",2019-04-08
760,MONTELUPICH,3,WIATRAK SEWERYN,2021-08-07
761,MONTWIŁŁA-MIRECKIEGO,7B,KURASZYŃSKA AGNIESZKA,2018-05-09
762,MORELOWA,26A,PAZDRO ROBERT,2019-01-01
763,MOSTOWA,2,MARCHEWKA Z GROSZKIEM SPÓŁKA Z O. O.,2018-04-12
764,MOSTOWA,2,"KALETA MATEUSZ, KRUPA PRZEMYSŁAW",2018-08-22
765,MOSTOWA,4,WILCZEK SPÓŁKA Z O. O.,2019-09-30
766,MOSTOWA,8,GRZYBOWSKI MICHAŁ,2020-04-02
767,MOSTOWA,8,FUNDACJA BULWARY SZTUKI,2021-02-11
768,MOSTOWA,12,SKRZYPIŃSKI WALDEMAR,2017-02-22
769,MOSTOWA,14,OKFAMILY SPÓŁKA Z O. O.,2021-04-14
770,MROZOWA,1,HUT-PUS SPÓŁKA AKCYJNA,2017-02-26
771,MROZOWA,1,HUT-PUS S.A.,2021-10-12
772,MURARSKA,13,NGUYEN TUAN ANH,2018-11-13
773,MYŚLENICKA,133,ZAJĄC MAGDALENA,2022-01-22
774,MYŚLENICKA,153,GNIADEK JAROSŁAW,2017-07-20
775,NA BARCIACH,14/17,PIECHOWSKI DARIUSZ,2018-09-20
776,NA BŁONIACH,1,KRAKOWSKI KLUB TENISOWY NA BŁONIACH M. I M. SADZIK SPÓŁKA JAWNA,2020-03-24
777,NA BŁONIACH,7,FIGAS-JEWUŁA ZOFIA,2019-09-10
778,NA BŁONIACH,7,REMO SPÓŁKA Z O O. SPÓŁKA JAWNA,2021-05-22
779,NA GRÓDKU,4,DONIMIRSKI JERZY,2017-06-30
780,NA LOTNISKU,4,SPOŁEM POWSZECHNA SPÓŁDZIELNIA SPOŻYWCÓW NOWA HUTA W KRAKOWIE,2021-07-19
781,NADWIŚLAŃSKA,1,DRUKARNIA KLUB KONARSKI I WSPÓLNICY SPÓŁKA KOMANDYTOWA,2018-07-06
782,NADWIŚLAŃSKA,6,"""QUBUS HOTEL MANAGEMENT"" SPÓŁKA Z O. O.",2018-07-31
783,NADWIŚLAŃSKA,1/6,"ŁODZIŃSKA-KOZŁOWSKA PAULA, KOZŁOWSKI MACIEJ",2021-05-16
784,NADWIŚLAŃSKA,11/U 17,SULIK IWONA,2021-05-29
785,NEFRYTOWA,4,PAZDAN DARIUSZ,2020-01-31
786,NOWOHUCKA,33,KRAKOWSKIE PRZEDSIĘBIORSTWO HOTELARSKO-TURYSTYCZNE SPÓŁKA Z O. O.,2021-01-06
787,NOWOHUCKA,35,KRAKOWSKIE PRZEDSIĘBIORSTWO HOTELARSKO-TURYSTYCZNE SPÓŁKA Z O. O.,2021-01-06
788,NOWOLIPKI,3,WITAS ŁUKASZ,2019-07-09
789,NOWOSĄDECKA,9C,KURLETO ALFRED,2019-02-02
790,NOWY,3,CHACHLOWSKA BOŻENA,2021-07-06
791,NOWY,8,CF INDUSTRIES SPÓŁKA Z O.O.,2021-12-19
792,OBROŃCÓW TOBRUKU,29A,"RESTAURACJA ""TRZY KACZKI"" BRONIKOWSKI W., BRONIKOWSKA B. SPÓŁKA JAWNA",2020-07-16
793,ODMOGILE,1B,ZIÓŁKOWSKA-SZPOTON KAROLINA,2020-04-06
794,OFIAR DĄBIA,3,"SZELĄG MARIUSZ, KOLAK MAREK",2019-11-08
795,OLIMPIJSKA,23,WOŁOCH RAFAŁ,2018-09-02
796,OPOLSKA,14,EFEKT-HOTELE S.A.,2017-12-27
797,OPOLSKA,14A,LIDER HOTEL SPÓŁKA Z O. O.,2018-08-27
798,ORAWSKA,12A,GRYGNY SEBASTIAN,2021-07-21
799,ORZECHOWA,5,"RADECKA EWA, KOSOWSKI STANISŁAW",2020-06-30
800,OS. SZKOLNE,25,DARGIEWICZ JACEK,2020-06-24
801,OSIEDLE 2 PUŁKU LOTNICZEGO,51,HP SPÓŁKA Z O. O.,2019-12-09
802,OSIEDLE 2 PUŁKU LOTNICZEGO,4C,OLBRYCHT JOLANTA,2017-02-08
803,OSIEDLE BOHATERÓW WRZEŚNIA,76,"GUZIK RENATA, GUZIK MIROSŁAW",2017-12-31
804,OSIEDLE BOHATERÓW WRZEŚNIA,26A,"CHOROSTYŃSKA MARZENA, KOCWA KRZYSZTOF",2018-05-13
805,OSIEDLE CENTRUM B,8,NOSEK ROBERT,2017-11-11
806,OSIEDLE CENTRUM E,12,ŚWIĘTALSKI PAWEŁ,2020-04-15
807,OSIEDLE DYWIZJONU 303,31K,"ZIMNIAK MAREK, DUDEK MARCIN, JANSOHN MAREK",2020-02-15
808,OSIEDLE DYWIZJONU 303,56C / 3U,RATAJ SEBASTIAN,2019-03-11
809,OSIEDLE DYWIZJONU 303,58A,WOJTANEK BERNATA,2017-01-31
810,OSIEDLE HUTNICZE,2,FIRMA HANDLOWA DOMAX - SERAFIN SPÓŁKA JAWNA,2019-05-15
811,OSIEDLE JAGIELLOŃSKIE,7A,NGUYEN DAC,2021-04-07
812,OSIEDLE JÓZEFA STRUSIA,1A,BIL ARKADIUSZ,2021-01-11
813,OSIEDLE KOLOROWE,10,"SADOWSKA BEATA, SADOWSKI MAREK",2020-05-03
814,OSIEDLE KOMBATANTÓW,7C,KORABIK PIOTR,2020-12-08
815,OSIEDLE NA STOKU,1,PRZYCHODZKA-GUŚPIEL KATARZYNA,2017-04-10
816,OSIEDLE NA WZGÓRZACH,21,NAPIERACZ ELŻBIETA,2018-05-14
817,OSIEDLE NA WZGÓRZACH,21,ŁAPCZYŃSKI NORBERT,2018-11-07
818,OSIEDLE NIEPODLEGŁOŚCI,3,AMREST SPÓŁKA Z O. O.,2020-04-13
819,OSIEDLE OŚWIECENIA,33B,"GUZIK RENATA, GUZIK MIROSŁAW",2017-12-31
820,OSIEDLE SPÓŁDZIELCZE,9B,KLĘSK MAREK,2019-01-31
821,OSIEDLE SZKOLNE,12,"MAŚLAK ZOFIA, KRAKOWSKI KRZYSZTOF",2019-01-13
822,OSIEDLE SZKOLNE,12,VIKING J. PAJĄK SPÓŁKA JAWNA,2020-02-27
823,OSIEDLE TEATRALNE,10,APOLLO FILM SPÓŁKA Z O. O.,2019-01-26
824,OSIEDLE TEATRALNE,11,PIKOR BARTŁOMIEJ,2020-08-04
825,OSIEDLE TEATRALNE,27,EXPRES SPÓŁKA Z O. O.,2020-12-05
826,OSIEDLE TEATRALNE,34,DYRDA BOGDAN,2018-03-31
827,OSIEDLE TYSIĄCLECIA,42,MATEUSZUK WITOLD,2020-09-23
828,OSIEDLE TYSIĄCLECIA,83,SIKORA STEFAN,2019-04-10
829,OSIEDLE WYSOKIE,21,ŻARCIE-MIEJSKIE SPÓŁKA Z O. O. SPÓŁKA KOMANDYTOWA,2019-07-31
830,OSIEDLE ZŁOTEGO WIEKU,79,STĘPIEŃ-JOPEK BEATA,2018-01-14
831,OSIEDLE ZŁOTEGO WIEKU,82,"""S-ELECTRO"" SPÓŁKA  Z O. O.",2021-03-10
832,OSIEDLE ZŁOTEGO WIEKU,84,KUCHARCZYK ANNA,2019-07-14
833,OSIEDLE ZŁOTEGO WIEKU,89,JAWORSKI MICHAŁ,2018-11-07
834,OSIEDLE ZŁOTEGO WIEKU,51A,SKOTNICZNA ELŻBIETA,2019-02-27
835,OSIEDLE ZŁOTEJ JESIENI,12,"PRZEDSIĘBIORSTWO USŁUG HOTELARSKICH I TURYSTYCZNYCH ""KRAKÓW"" W KRAKOWIE SPÓŁKA Z O.O.",2018-02-28
836,OSIEDLE ZŁOTEJ JESIENI,13A,MOGIELNICKI JERZY,2018-01-31
837,OŚWIECENIA,55A,KUTYBA KRZYSZTOF,2021-04-21
838,OTWINOWSKIEGO,6,RADWAN PIOTR,2018-12-22
839,PADEREWSKIEGO,4,"BALIGA JÓZEF, THEODOROU KONSTANTINOS",2019-01-26
840,PAPIERNICZA,2,"BOGACKA-BUŁKA AGNIESZKA, BOGACKA KATARZYNA",2019-01-31
841,PAPIERNICZA,3,CASINOS POLAND SPÓŁKA Z O.O.,2017-03-18
842,PAPIERNICZA,3,DONIMIRSKI JERZY,2018-09-18
843,PAPIERNICZA,3,CASINOS POLAND SPÓŁKA Z O.O.,2022-03-18
844,PARKOWA,11,DONIMIRSKI JERZY,2018-05-22
845,PAULIŃSKA,24,"PRZEDSIĘBIORSTWO PRODUKCYJNO-USŁUGOWE ""TEXBUD"" T. BARANOWSKI I SPÓŁKA, SPÓŁKA JAWNA",2017-01-14
846,PAULIŃSKA,24,"PRZEDSIĘBIORSTWO PRODUKCYJNO-USŁUGOWE TEXBUD T. BARANOWSKI I SPÓŁKA, SPÓŁKA JAWNA",2022-01-14
847,PAULIŃSKA,28,KUFEL MONIKA,2019-04-24
848,PAWIA,3,"""UBX KRAKÓW"" SPÓŁKA Z O.O.",2017-05-28
849,PAWIA,5,4DWK SPÓŁKA Z O.O.,2017-02-28
850,PAWIA,5,MCB SPÓŁKA Z O.O.,2017-07-15
851,PAWIA,5,"""SFINKS POLSKA"" S.A.",2018-05-01
852,PAWIA,5,PIJALNIE CZEKOLADY SPÓŁKA Z O. O.,2019-09-07
853,PAWIA,5,METROPOL SPÓŁKA Z O.O.,2017-06-18
854,PAWIA,5,RAI SURENDRA,2018-02-12
855,PAWIA,5,ISTAMBUŁ SPÓŁKA Z O.O.,2018-01-13
856,PAWIA,5,WINE&DINE SPÓŁKA Z O.O.,2018-01-15
857,PAWIA,5,METROPOL SPÓŁKA Z O.O.,2017-07-05
858,PAWIA,5,"""DOMINIUM"" S.A.",2018-04-23
859,PAWIA,5,AMREST SPÓŁKA Z O. O.,2018-11-03
860,PAWIA,5,AMREST SPÓŁKA Z O. O.,2020-04-19
861,PAWIA,5,AMREST SPÓŁKA Z O. O.,2021-02-11
862,PAWIA,5,INVESTMENT PARTNERS GK2 SPÓŁKA Z O.O.,2021-12-07
863,PAWIA,5,INVESTMENT PARTNERS GB SP. Z O.O.,2021-11-30
864,PAWIA,5,"KAMIŃSKA BARBARA, KAMIŃSKI  MARIUSZ",2021-09-30
865,PAWIA,5,LOŻA CAFE BOGDAN JANICKI SPÓŁKA JAWNA,2021-12-31
866,PAWIA,15,ORBIS SPÓŁKA AKCYJNA,2017-04-12
867,PAWIA,18B,ORBIS S.A,2021-09-14
868,PAWIA,34 lok. 5U,SKUPIŃSKI SEBASTIAN,2021-10-26
869,PERKUNA,40A,CHAWIŃSKI ANDRZEJ,2017-02-21
870,PĘDZICHÓW,3,SOBYRA JOANNA,2018-03-06
871,PĘDZICHÓW,9,GALAS EDYTA,2020-11-01
872,PIASTOWSKA,20,PIKUŁA JAN,2018-12-31
873,PIASTOWSKA,20,"GAWRYLUK MIROSŁAW, WIDOMSKA MAGDALENA",2021-08-22
874,PIASTOWSKA,22,TYLKA TOMASZ,2021-12-18
875,PIASTOWSKA,47,FUNDACJA STUDENTÓW I ABSOLWENTÓW UNIWERSYTETU JAGIELLOŃSKIEGO BRATNIAK,2018-07-14
876,PIASTOWSKA,47,LASTRADA CATERING SPÓŁKA Z O.O.,2022-01-11
877,PIETRUSIŃSKIEGO,2,MĄCZYŃSKA WŁADYSŁAWA,2020-05-14
878,PIJARSKA,9,WŁODARCZYK MICHAŁ,2018-02-28
879,PIJARSKA,9,SINGH SURJIT,2021-01-17
880,PIJARSKA,13,EMIR 19 SPÓŁKA Z O. O. W UPADŁOŚCI,2019-07-14
881,PIJARSKA,17,DONIMIRSKI JERZY,2019-08-10
882,PIJARSKA,21,BEDNARCZYK LUCYNA,2020-07-14
883,PIJARSKA,5/LU1,MARTUŚ ALINA,2020-08-09
884,PILOTÓW,45,"STASIELAK MARTA, STASIELAK LESŁAW",2021-03-16
885,PILOTÓW,97,"MOSNA EWA, ŚWIĄTEK MONIKA",2018-09-30
886,PLAC  BAWÓŁ,6/2,KRÓLIKIEWICZ MARCIN,2017-05-16
887,PLAC BAWÓŁ,4,"CHMIEL ZENON, CHMIEL ADAM",2020-05-27
888,PLAC DOMINIKAŃSKI,4,AMALIA SPÓŁKA Z O.O. SPÓŁKA KOMANDYTOWA,2019-11-30
889,PLAC DOMINIKAŃSKI,6,"TUZERO SP. ZO.O., SP. KOMANDYTOWA, ., ., .",2019-01-17
890,PLAC DOMINIKAŃSKI,2/LU 5,LITWIN STANISŁAW,2021-04-09
891,PLAC INWALIDÓW,7,"""CAPPUCCINO"" IGA UNISZEWSKA SPÓŁKA JAWNA",2018-03-10
892,PLAC MARIACKI,2,ACCADEMIA F&F INWESTYCJE SPÓŁKA Z O. O. SPÓŁKA KOMANDYTOWA,2020-04-30
893,PLAC MARIACKI,3,"SITEK ŁUKASZ, SITEK MATEUSZ",2018-03-05
894,PLAC MARIACKI,9,BARISTA S. A.,2020-06-01
895,PLAC MARIACKI,1/4,BULLDOG BAR SPÓŁKA Z OGRANICZONĄ ODPOWIEDZIALNOŚCIĄ SPÓŁKA KOMANDYTOWA,2020-03-10
896,PLAC MATEJKI,3,JASZCZYK ANETA,2017-03-14
897,PLAC MATEJKI,5,WALCZYK ELŻBIETA,2017-02-16
898,PLAC MATEJKI,6,BRANNY - WARCHOŁ MAŁGORZATA,2018-10-06
899,PLAC MATEJKI,2 lok. C,"FILEWICZ KATARZYNA, FILEWICZ KAROLINA, GĄSIOR-TRZÓPEK DOMINIKA",2019-11-25
900,PLAC NA GROBLACH,22,NIZIOŁEK MACIEJ,2020-01-31
901,PLAC NOWY,1,"MUCHA ROBERT, BAĆ WITOLD",2019-04-17
902,PLAC NOWY,7,MEX BISTRO V SPÓŁKA Z O. O.,2018-04-29
903,PLAC NOWY,7,KARKOSZ MARIA,2019-07-10
904,PLAC NOWY,9,"ŚLAZYK-HANKIEWICZ RENATA, ŚLAZYK ROBERT",2018-10-03
905,PLAC NOWY,9,"GRUPA A & G PAJDA KLESYK SPÓŁKA JAWNA, .",2019-01-21
906,PLAC NOWY,9,"GRUPA SCANDALE PAJDA, KLESYK SPÓŁKA JAWNA",2018-12-16
907,PLAC SERKOWSKIEGO,7,"RESTAURACJA ""OGNIEM I MIECZEM"" B. I R. PARCZAŁA, D. MARCHEWKA SPÓŁKA JAWNA",2020-01-12
908,PLAC SZCZEPAŃSKI,2,GRUPA A & G PAJDA KLESYK SPÓŁKA JAWNA,2019-01-21
909,PLAC SZCZEPAŃSKI,2,MAISON CHARLOTTE SPÓŁKA Z O. O.,2017-05-17
910,PLAC SZCZEPAŃSKI,3,"SMĘDER TOMASZ, WYROBEK MACIEJ",2018-01-09
911,PLAC SZCZEPAŃSKI,3,ZJEDNOCZONE PRZEDSIĘBIORSTWA ROZRYWKOWE S. A.,2020-12-06
912,PLAC SZCZEPAŃSKI,3,KIWAK SŁAWOMIR,2020-06-17
913,PLAC SZCZEPAŃSKI,7,SAŁAKOWSKA IWONA,2019-04-30
914,PLAC SZCZEPAŃSKI,8,INTER - CONSULT S. A.,2020-12-06
915,PLAC SZCZEPAŃSKI,8,GOPRES SPÓŁKA Z O. O.  SPÓŁKA KOMADYTOWA,2020-03-31
916,PLAC SZCZEPAŃSKI,9,TRIBECA POLAND SPÓŁKA Z O. O.,2017-10-04
917,PLAC SZCZEPAŃSKI,2/1,"ŻARCZYŃSKA MAŁGORZATA, LIPARTOWSKA NINA",2019-04-16
918,PLAC SZCZEPAŃSKI,3A,"BUNKIER CAFE WITYŃSKI, ŻAKOWSKI SPÓŁKA JAWNA",2018-02-28
919,PLAC ŚW. DUCHA,4,"BRĄGIEL AGNIESZKA, ZIELIŃSKI RAFAŁ",2018-06-18
920,PLAC ŚWIĘTEGO DUCHA,1,"BRĄGIEL AGNIESZKA, ZIELIŃSKI RAFAŁ",2019-10-23
921,PLAC WOLNICA,4,"ZALEJSKI WIESŁAW, MICHALIK PAWEŁ, .",2018-01-28
922,PLAC WOLNICA,7,"AGATOWSKA IWONA, WILCZYŃSKA MAŁGORZATA",2020-01-07
923,PLAC WOLNICA,9,KORPAŁA-OSTRZYŻEK ANNA,2019-12-16
924,PLAC WOLNICA,10,URSA MAIOR SPÓŁKA Z O. O. S. K. A.,2020-05-21
925,PLAC WOLNICA,10,WAGNER EMILIA,2021-06-30
926,PLAC WOLNICA,12,"TOMASIEWICZ MARCIN, SURÓWKA GRZEGORZ",2020-08-19
927,PLAC WOLNICA,13,"POLIMENO ANTONIO, BONFANTI STEFANO",2020-01-09
928,PLAC WOLNICA,9/13,HUBICKI DOMINIK,2018-10-10
929,PLAC WOLNICA,11/2,"BOŻEK MARIUSZ, RUSZAŁO RAFAŁ",2019-08-06
930,PLAC WSZYSTKICH ŚWIĘTYCH,8,"WÓJCICKI JACEK, KASZYCKI JACEK",2017-04-18
931,PLAC WSZYSTKICH ŚWIĘTYCH,10,POLAKOWSKI SPÓŁKA Z O. O.,2018-08-11
932,PLAC WSZYSTKICH ŚWIĘTYCH,11,MISIAK DARIUSZ,2021-03-16
933,PŁASZOWSKA,65,"KARAŚ-BLICHARZ ELŻBIETA, KARAŚ RAFAŁ, KARAŚ WALDEMAR",2021-01-12
934,PŁASZOWSKA,27A,GUZIANA MARIA,2020-02-10
935,PŁK. FRANCESCO NULLO,27,"BUGAJ ILONA, BUGAJ JANUSZ",2018-05-18
936,PŁK. STANISŁAWA DĄBKA,13A,WYPARŁO URSZULA,2020-11-08
937,PŁK. WŁADYSŁAWA BELINY- PRAŻMOWSKIEGO,2D,"WIĘCEK PRZEMYSŁAW, WIĘCEK MICHAŁ",2020-12-31
938,POCIESZKA,3,"TOMAS-MACIANTOWICZ VIOLETTA, CHART RAFAŁ",2020-05-24
939,PODBRZEZIE,2,PUB SZYNK M. KAREŁ SP. JAWNA,2019-05-06
940,PODCHORĄŻYCH,3,NOSTI SPÓŁKA Z O.O.,2017-09-05
941,PODCHORĄŻYCH,3,WÓJTOWICZ KRYSTYNA,2021-05-20
942,PODCHORĄŻYCH,3,BOGACKA-BUŁKA AGNIESZKA,2021-10-09
943,PODEDWORZE,6A,SAKOWSKA MONIKA,2018-04-24
944,PODGÓRSKA,34,"""AMREST"" SPÓŁKA Z O.O.",2017-04-09
945,PODGÓRSKA,34,AMREST SPÓŁKA Z O. O.,2018-05-22
946,PODGÓRSKA,34,PLEJADES - 4 SPÓŁKA Z O. O. SPÓŁKA KOMANDYTOWA,2020-03-17
947,PODGÓRSKA,34,CINEMA CITY POLAND - CC SPÓŁKA Z O. O. SPÓŁKA JAWNA,2021-02-11
948,PODGÓRSKA,34,SOBOTA PETRO,2021-05-09
949,PODGÓRSKA,34,KOMAD SPÓŁKA Z O.O. SPÓŁKA KOMANDYTOWA,2021-07-19
950,PODGÓRSKA,34,DOMINIUM S.A.,2021-09-07
951,PODGÓRSKI,14,BEST PLUS SPÓŁKA Z O.O.,2021-06-14
952,PODWALE,2/1,KORZENIAK PAULINA,2019-11-04
953,PODWALE,6-7,C. K. BROWAR SPÓŁKA Z O. O.,2020-04-19
954,PODZAMCZE,24,KRZYKAWSKA GRAŻYNA,2019-04-21
955,POKOJU,3,BROKREACJA SPÓŁKA Z O.O.,2018-02-08
956,POLONIJNA,5,KOZAK MAŁGORZATA,2021-05-26
957,PORUCZNIKA HALSZKI,29,PIZZERIA BANOLLI LOGISTYKA SPÓLKA Z O. O. SPÓLKA KOMANDYTOWA,2019-08-10
958,POSELSKA,17,"GAWRON ELŻBIETA, GAWRYLUK MIROSŁAW",2018-02-20
959,POSELSKA,18,PREMIUM FOOD RESTAURANTS SPÓŁKA AKCYJNA,2021-08-15
960,POSELSKA,19,"GAWRYLUK  MIROSŁAW, GAWRON ELŻBIETA",2017-08-09
961,POSELSKA,20,INVESTMENT PARTNERS GK SPÓŁKA Z O.O.,2017-02-28
962,POSELSKA,22,"GORTYCH BEATA, GORTYCH ADAM",2018-06-05
963,POSELSKA,24,PIZŁO PIOTR,2018-08-12
964,POWIŚLE,7,WAWEL HOLDING SPÓŁKA Z OGRANICZONĄ ODPOWIEDZIALNOŚCIĄ,2019-04-25
965,POWIŚLE,7,WAWEL HOLDING SP. Z O.O.,2018-04-25
966,POWIŚLE,11,KALARUS RENATA,2019-06-15
967,POWIŚLE,12,FUDALA WŁADYSŁAW,2021-01-13
968,POWSTAŃCÓW WIELKOPOLSKICH,18,NGUYEN THI KHANH,2018-06-10
969,POWSTAŃCÓW WIELKOPOLSKICH,18,MIKULSKI TOMASZ,2020-04-16
970,POZNAŃSKA,10 LU-1,SKONIECZNA MARZENA,2021-12-08
971,PÓŁŁANKI,72,DEPTA ATRUR,2021-03-31
972,PRASKA,61 lok. 16,WOJNAROWSKI JACEK,2017-12-16
973,PRĄDNICKA,41,HOANG HUU TRUONG,2021-08-14
974,PROF. MICHAŁA BOBRZYŃSKIEGO,33,CHEF SERVICES GRZEMPOWSKA &  BROŻEK SPÓŁKA JAWNA,2021-11-29
975,PROFESORA BOBRZYŃSKIEGO,33,INTER APARTMENTS SPÓŁKA Z O. O.  SPÓŁKA KOMANDYTOWA,2018-04-10
976,PROFESORA BOBRZYŃSKIEGO,37,TRAN BINH QUYEN,2018-05-12
977,PROFESORA ŻYCZKOWSKIEGO,23,GOURMET SERVICES SPÓŁKA Z O.O.SPÓŁKA KOMANDYTOWA,2019-01-13
978,PROKOCIMSKA,2A,AGADŻANIAN ARAKEŁ,2018-01-14
979,PROMOWA,8,ADAMUS ZENON,2021-08-28
980,PRZEDWIOŚNIE,16,"WCISŁO MAŁGORZATA, WCISŁO ZBIGNIEW",2018-07-01
981,PRZEMIARKI,"23 A LU7, LU8","MOSKAL MAGDALENA, BŁASZCZYK KRZYSZTOF",2018-11-07
982,PRZEMIARKI,23 LU 13,PIETRZAK BOGUSŁAW,2021-06-22
983,PRZEMYSŁOWA,4 lok. 470,FATYGA SYLWIA,2019-03-20
984,PRZEWÓZ,40A,BŁĘDOWSKI BARTOSZ,2019-07-10
985,PRZY RONDZIE,2,WX KRAKÓW SPÓŁKA Z O.O. SPÓŁKA KOMANDYTOWA,2021-06-18
986,PRZYLASEK RUSIECKI,zbiornik nr 1,CSW - WAKE CAMP KRAKÓW SPÓŁKA Z O. O.,2020-07-13
987,PUŁKOWNIKA NULLO,42/U3,KRAKOWSKA GRUPA GASTRONOMICZNA SPÓŁKA Z O. O. W OGRANIZACJI SPÓŁKA KOMANDYTOWA,2019-06-04
988,RACIBORSKA,17,MF CONCEPT SPÓŁKA Z O. O.,2019-06-09
989,RACIBORSKA,17/P11,"WALCZY MAGDALENA, NAŚCISZEWSKI JAROSŁAW",2018-11-06
990,RACŁAWICKA,21,BABII OKSANA,2021-06-07
991,RADZIKOWSKIEGO,77,KREDKIDS SPÓŁKA Z O. O.,2019-08-21
992,RADZIWIŁŁOWSKA,3,"ASCOT HOTEL MALINOWSKI, WRZECIONEK SPÓŁKA JAWNA",2017-04-22
993,RADZIWIŁŁOWSKA,27/1F,FANTASY WORLD PROJECT SPÓŁKA Z O.O. SPÓŁKA KOMANDYTOWA,2021-04-11
994,RAJSKA,8,S3D SPÓŁKA Z O.O.,2021-12-15
995,RAJSKA,12,CHYŁEK IZABELA,2018-04-25
996,RAKOWICKA,1,BTP GROUP SPÓŁKA Z O.O.,2021-03-23
997,RAKOWICKA,11,GREMIO ŁACH I WSPÓLNICY SPÓŁKA JAWNA,2019-11-06
998,RAKOWICKA,11,WINO SPÓŁKA Z O.O. SPÓŁKA KOMANDYTOWA,2021-07-12
999,RAKOWICKA,19,SROKA MARCIN,2018-04-11
1000,RAKOWICKA,22,"TERESA SOCHA, PIOTR KRASICKI SPÓŁKA JAWNA",2019-03-20
1001,RAKOWICKA,27,FUNDACJA UNIWERSYTETU EKONOMICZNEGO W KRAKOWIE,2019-10-20
1002,RAKOWICKA,19/1,SZEREMETA MARIUSZ,2021-10-30
1003,RAKOWICKA,17/2,MAYER RAFAŁ,2019-10-08
1004,RAKOWICKA,10B,"GĄDEK-WYPASEK ZOFIA, CZESAK WIESŁAW",2017-08-01
1005,RAKOWICKA,17/4B,BOBROWSKI PRZEMYSŁAW,2017-03-19
1006,RAKOWICKA,20/L4,BEDNARSKI ROBERT,2021-04-05
1007,RAKOWICKA,27 paw. E,STOWARZYSZENIE PARLAMENTU STUDENCKIEGO UNIWERSYTETU EKONOMICZNEGO W KRAKOWIE,2021-09-21
1008,RAKOWICKA,43B,KORZENIAK MAŁGORZATA,2020-05-02
1009,RAKUŚ,66,SAADEH SHAHADEH,2017-04-19
1010,REDUTA,3 B,LEDWOS PRZEMYSŁAW,2021-05-22
1011,REFORMACKA,3,FG MAŁOPOLSKA SPÓŁKA Z O.O.,2021-11-15
1012,REJTANA,5,ONYSZKIEWICZ RADOSŁAW,2017-04-10
1013,REPUBLIKI KORCZAKOWSKIEJ,7,ASBOTH IWONA,2017-04-26
1014,REYMONTA,11,FUNDACJA STUDENTÓW I ABSOLWENTÓW UNIWERSYTETU JAGIELLOŃSKIEGO BRATNIAK,2019-04-28
1015,REYMONTA,15,"FUNDACJA ZESPOŁU PIEŚNI I TAŃCA ""KRAKUS""",2017-01-25
1016,REYMONTA,17,FUNDACJA STUDENTÓW I ABSOLWENTÓW AKADEMII GÓRNICZO-HUTNICZEJ W KRAKOWIE ACADEMICA,2018-10-15
1017,REYMONTA,22,ŁOBODZIŃSKI DOMINIK,2019-02-16
1018,RUCZAJ,44,"HOTEL ""RUCZAJ"", WOJDACZ SPÓŁKA JAWNA",2021-03-31
1019,RUSZNIKARSKA,8,KOKOT MARIANNA,2018-05-01
1020,RUSZNIKARSKA,4a,DZIEŃ ALINA,2017-01-17
1021,RYNEK GŁÓWNY,1,"ARKADY B. MORDARSKI P. JARCZEWSKI SPÓŁKA JAWNA, .",2018-01-14
1022,RYNEK GŁÓWNY,1,JANAREK KRZYSZTOF,2019-04-16
1023,RYNEK GŁÓWNY,1,NOWOROLSKI WOJCIECH,2019-02-25
1024,RYNEK GŁÓWNY,3,"JARCZYŃSKA JOLANTA, BARTCZAK ADAM",2019-07-15
1025,RYNEK GŁÓWNY,3,POLSKIE RESTURACJE ROYAL SPÓŁKA Z O. O.,2019-07-16
1026,RYNEK GŁÓWNY,6,SZARA RESTO-BAR SPÓŁKA Z O.O.,2017-08-31
1027,RYNEK GŁÓWNY,6,B-BAR SPÓŁKA Z O. O.,2019-04-23
1028,RYNEK GŁÓWNY,6,"MIKA EVENTS SP. ZO.O., SP. KOMANDYTOWA, ., ., .",2020-06-10
1029,RYNEK GŁÓWNY,7,FIGA-2 ŁACHWA I WSPÓLNICY SPÓŁKA JAWNA,2018-05-15
1030,RYNEK GŁÓWNY,8,JASZCZURY SPÓŁKA Z O. O. SPÓŁKA KOMANDYTOWA,2020-05-31
1031,RYNEK GŁÓWNY,9,DURBAS ANDRZEJ,2018-01-08
1032,RYNEK GŁÓWNY,10,"FOLKLOR KULINARNY 2 RADOSŁAW J. FRONC, TOMASZ FIDELUS SPÓŁKA JAWNA",2018-06-08
1033,RYNEK GŁÓWNY,10,"PROKOPIK SŁAWOMIR, PROKOPIK MAREK",2018-09-14
1034,RYNEK GŁÓWNY,13,HOLDING LIWA SPÓŁKA Z O. O.,2019-03-12
1035,RYNEK GŁÓWNY,14,MOSKAL ELEONORA,2020-05-11
1036,RYNEK GŁÓWNY,15,WISTERIA SPÓŁKA Z O. O.,2018-12-11
1037,RYNEK GŁÓWNY,15,WISTERIA SPÓŁKA Z O. O. S. K. A.,2020-05-27
1038,RYNEK GŁÓWNY,15,BONUS MANAGEMENT SPÓŁKA Z O.O.SPÓŁKA KOMANDYTOWA,2018-01-09
1039,RYNEK GŁÓWNY,17,ZIĘTY BEATA,2018-10-15
1040,RYNEK GŁÓWNY,19,CAFE RYNEK SPÓŁKA Z O. O.,2019-11-30
1041,RYNEK GŁÓWNY,19,PFT KRAKÓW SPÓŁKA Z O. O. SPÓŁKA KOMANDYTOWA,2020-12-16
1042,RYNEK GŁÓWNY,19,CAFE RYNEK SPÓŁKA Z O. O.,2020-04-09
1043,RYNEK GŁÓWNY,22,"""DOMINIUM"" S. A.",2018-04-21
1044,RYNEK GŁÓWNY,22,RESTAURACJA SIOUX P. S. KARŁOWSCY SPÓŁKA JAWNA,2017-12-31
1045,RYNEK GŁÓWNY,23,SZUBRA JACEK,2019-08-10
1046,RYNEK GŁÓWNY,24,KOWALSKA BARBARA,2021-02-10
1047,RYNEK GŁÓWNY,25,SFINKS POLSKA S. A.,2020-04-29
1048,RYNEK GŁÓWNY,26,FOOD CONCEPT F&F INWESTYCJE SPÓŁKA Z O. O. SPÓŁKA KOMANDYTOWA,2019-08-05
1049,RYNEK GŁÓWNY,27,CABARET SPÓŁKA Z OGRANICZONA ODPOWIEDZIALNOŚCIĄ,2018-02-15
1050,RYNEK GŁÓWNY,28,DOBRA SPÓŁKA Z O. O.,2019-02-12
1051,RYNEK GŁÓWNY,28,"WĘGLARZ MACIEJ, ADAMCZYK JAKUB",2017-11-07
1052,RYNEK GŁÓWNY,29,"ZAJĄC-SOLECKA ZDZISŁAWA, SOLECKI WINCENTY, SOLECKI BOGDAN",2017-12-31
1053,RYNEK GŁÓWNY,29,"FRANCZAK PAWEŁ, KULISA PAWEŁ",2019-01-31
1054,RYNEK GŁÓWNY,30,"BARY POLSKIE EWA JANICKA, IWONA NIEMIEC--SATOŁA SPÓŁKA JAWNA",2017-08-20
1055,RYNEK GŁÓWNY,30,"SEWERYN MARCIN, PRZYBYLSKI ŁUKASZ",2021-02-18
1056,RYNEK GŁÓWNY,33,ŁYPACZEWSKA MONIKA,2017-06-16
1057,RYNEK GŁÓWNY,34,HAWEŁKA SPÓŁKA Z O.O.,2017-11-16
1058,RYNEK GŁÓWNY,34,HAWEŁKA SPÓŁKA Z O. O.,2020-05-15
1059,RYNEK GŁÓWNY,35,REMO SPÓŁKA Z O. O. SPÓŁKA JAWNA,2019-08-03
1060,RYNEK GŁÓWNY,36,MIROTA MATEUSZ,2018-05-19
1061,RYNEK GŁÓWNY,37,C. K. BROWAR SPÓŁKA Z O. O.,2020-04-12
1062,RYNEK GŁÓWNY,40,KRAKUS S. A.,2020-07-02
1063,RYNEK GŁÓWNY,43,"KAIM-KOSEK AGNIESZKA, PALMA GRZEGORZ",2021-04-14
1064,RYNEK GŁÓWNY,44,RYNEK SPÓŁKA Z OGRANICZONĄ  ODPOWIEDZIALNOŚCIĄ SPÓŁKA KOMANDYTOWA,2019-04-08
1065,RYNEK GŁÓWNY,46,PIJALNIE CZEKOLADY SPÓŁKA Z O.O.,2017-07-16
1066,RYNEK GŁÓWNY,46,MAYLANE POLSKA ENTERTAINMENT SPÓŁKA Z O. O.,2020-04-27
1067,RYNEK GŁÓWNY,47,"SOKÓŁ EDYTA, BEDNARCZYK LUCYNA",2017-04-23
1068,RYNEK GŁÓWNY,1-3,TRIBECA POLAND SPÓŁKA Z O. O.,2020-09-06
1069,RYNEK GŁÓWNY,28 Ip. i IIp.,WAHAB PASCAL,2020-11-30
1070,RYNEK GŁÓWNY,39/40,LOŻA KRZYSZTOF NOWOSAD SPÓŁKA JAWNA,2017-12-09
1071,RYNEK GŁÓWNY,45/LU4,LEJKOWSKI LESZEK,2020-12-31
1072,RYNEK MAŁY,2-3,RAI SURENDRA,2021-02-11
1073,RYNEK PODGÓRSKI,9,NIEMIEC PIOTR,2017-02-14
1074,RZEMIEŚLNICZA,4,RT HOTELS S. A.,2019-11-22
1075,SANDOMIERSKA,6,WÓJTOWICZ RENATA,2017-03-26
1076,SASKA,2C,DOMUS MATER,2018-04-01
1077,SCHWEITZERA,3,RESTAURACJA ŻYDOWSKA ARIEL SPÓŁKA Z O. O.,2020-06-30
1078,SEBASTIANA KLONOWICA,31/1,TAT THANG TRAN,2021-05-18
1079,SEBASTIANA KLONOWICA,2A,WILK MARCIN,2020-05-17
1080,SENACKA,7,"SAROTA JAROSŁAW, RUTKOWSKI MARIAN",2019-10-13
1081,SIENNA,4,KAWIORSKI MAREK,2018-12-05
1082,SIENNA,6,MITORAJ IGOR,2018-10-04
1083,SIENNA,9,APERITIF SPÓŁKA Z O. O.,2019-06-30
1084,SIENNA,11,"PIETRZAK ELŻBIETA, DANIEL BOGDAN, MYSZKA ADAM",2018-12-31
1085,SIENNA,11,GARLICKI PIOTR,2021-05-17
1086,SIENNA,12,TARGET SERVICE RADOSŁAW J. FRONC SPÓŁKA JAWNA,2017-04-26
1087,SIENNA,12,KOGEL MOGEL MSHG SPÓŁKA Z O.O.,2021-12-15
1088,SIEWNA,18,BŁĘDOWSKI BARTOSZ,2017-03-08
1089,SKALICA,23A,TRATTORIA AL VECCHIO FORNO MASSIMO ROMA EWA SOSNA SPÓŁKA JAWNA,2020-05-31
1090,SKARŻYŃSKIEGO,1,FUNDACJA SAMORZĄDU STUDENTÓW POLITECHNIKI KRAKOWSKIEJ,2018-01-31
1091,SKOTNICKA,272,"GRZEŚKOWIAK MARIA, GRZEŚKOWIAK KRZYSZTOF",2020-02-11
1092,SKOTNICKA,176A,SKAŁA JOLANTA,2017-05-31
1093,SKWEROWA,52,HA DINH,2017-08-28
1094,SŁAWKOWSKA,1,"MADEJ ANNA, GAILLARD PIERRE",2018-02-12
1095,SŁAWKOWSKA,1,"""SŁAWKOWSKA 1"" SPÓŁKA Z O. O. SPÓŁKA KOMANDYTOWA",2020-05-07
1096,SŁAWKOWSKA,3,RBITE  SPÓŁKA Z O. O.  SPÓŁKA KOMANDYTOWA,2019-03-30
1097,SŁAWKOWSKA,3,FABRYKA PIZZY SPÓŁKA Z O.O. SPÓŁKA KOMANDYTOWA,2021-12-05
1098,SŁAWKOWSKA,4,DZIEDZIC MARIUSZ,2017-09-20
1099,SŁAWKOWSKA,6,CARPE KRAKÓW SPÓŁKA Z O. O.,2018-11-30
1100,SŁAWKOWSKA,11,4 ENTERTAINMENT SP. Z O.O. SP. KOM.,2018-09-01
1101,SŁAWKOWSKA,12,"OLESIŃSKI PIOTR, OLESIŃSKI MAREK",2018-02-15
1102,SŁAWKOWSKA,14,"FUNDACJA ROZWOJU KULTURY STUDENCKIEJ ""IN SERVITIO ES""",2021-06-16
1103,SŁAWKOWSKA,16,MAŁYSZ MATEUSZ,2019-12-03
1104,SŁAWKOWSKA,17,WĄSOWICZ STANISŁAWA,2019-12-09
1105,SŁAWKOWSKA,20,ISE INTERNATIONAL SPÓŁKA Z O.O.,2021-11-09
1106,SŁAWKOWSKA,23,EVGREEN SPÓŁKA Z O. O.,2020-08-06
1107,SŁAWKOWSKA,26,"WIŚNIEWSKI SŁAWOMIR, CZYŻYCKI TOMASZ",2017-04-04
1108,SŁAWKOWSKA,29,NOWOROLSKI WOJCIECH,2020-06-09
1109,SŁAWKOWSKA,32,HAWEŁKA SPÓŁKA Z O. O.,2021-06-14
1110,SŁAWKOWSKA,4/2,BATYCKI DARIUSZ,2017-05-13
1111,SŁAWKOWSKA,5/7,WAWEL-IMOS INTERNATIONAL SPÓKA AKCYJNA,2021-06-19
1112,SŁAWKOWSKA,10 lok. 1 i 3,SULICZ ROMAN,2017-11-14
1113,SŁAWKOWSKA,13-15,"RAI SURENDRA, BOGACKA EWELINA, RAI SUMITA, RAI ADAM",2018-04-11
1114,SŁAWKOWSKA,13-15,"RAI SURENDRA, BOGACKA EWELINA, RAI SUMITA, RAI ADAM",2018-04-11
1115,SŁAWKOWSKA,13-15,"GROCHAL NATALIA, SEWERYN BEATA",2020-12-31
1116,SŁAWKOWSKA,13-15,"DZIEWAŁTOWSKI-GINTOWT ANDRZEJ, BERUS SŁAWOMIR, MARKOWSKA KATARZYNA",2020-08-04
1117,SŁAWKOWSKA,24A,WĄSOWICZ ELŻBIETA,2021-12-19
1118,SODOWA,7/2U,SPÓŁDZIELNIA MIESZKANIOWA IM. STANISŁAWA STASZICA,2020-08-20
1119,SOLIDARNOŚCI,20,ZIĘTEK PIOTR,2019-09-13
1120,SOŁTYSOWSKA,"12B LU 2, LU3",KUBAREK RENATA,2018-08-17
1121,SOŁTYSOWSKA,25B,GEOVITA S. A.,2020-02-10
1122,SOŁTYSOWSKA,37A,AMG TRADING SPÓŁKA Z O. O.,2020-02-10
1123,SPÓŁDZIELCÓW,3,BARAN ZDZISŁAWA,2018-02-19
1124,STANISŁAWA DZIAŁOWSKIEGO,1,"NIECHAJ GRAŻYNA, NIECHAJ ZBIGNIEW",2021-11-09
1125,STANISŁAWA LEMA,7,META SPÓŁKA Z OGRANICZONĄ ODPOWIEDZIALNOŚCIĄ,2018-06-19
1126,STANISŁAWA LEMA,7,META SPÓŁKA Z O.O.,2021-05-26
1127,STANISŁAWA SMOLKI,11 A,JÓŹWIK SEBASTIAN,2021-09-07
1128,STAŃCZYKA,14 / 3,PĄTKO KATARZYNA,2021-01-27
1129,STAROWIŚLNA,6,NGUYEN THI NGOC ANH,2017-03-20
1130,STAROWIŚLNA,12,"ORŁOWSKI TOMASZ, HUĆKO MARIUSZ",2018-09-20
1131,STAROWIŚLNA,16,CENTRUM ROZRYWKI ART CLUB SPÓŁKA Z O. O.,2018-12-31
1132,STAROWIŚLNA,27,STARAK PRZEMYSŁAW,2020-07-22
1133,STAROWIŚLNA,32,BARTOSZ ROGOWIEC,2021-07-13
1134,STAROWIŚLNA,35,SZYMAŃSKA-PUCHAŁA EWA,2021-01-02
1135,STAROWIŚLNA,46,NGUYEN THI NGOC ANH,2020-02-10
1136,STAROWIŚLNA,48,"SROKA MARCIN, BLICKA KATARZYNA",2021-08-11
1137,STAROWIŚLNA,57,"SKROBACZ MARIA, SKROBACZ PAWEŁ, SKROBACZ STANISŁAW",2017-07-08
1138,STAROWIŚLNA,60,RAJPOLD ADAM,2018-01-15
1139,STAROWIŚLNA,62,KRACOW RESIDENCE SP ZO.O,2021-06-21
1140,STAROWIŚLNA,71,KONS-KRAK SPÓŁKA JAWNA ANDRZEJ JAWORSKI MAREK WIDUR,2018-04-20
1141,STAROWIŚLNA,79,DDY-INVEST SPÓŁKA Z O.O.,2021-04-21
1142,STAROWIŚLNA,15A,"PIEROŻYŃSKI MARCIN, SCHMIDT ARTUR",2018-04-15
1143,STAROWIŚLNA,15A,DONIMIRSKI JERZY,2020-06-04
1144,STAROWIŚLNA,22/L5,PRZEDSIĘBIORSTWO ZAGRANICZNE TERO-EXIM SPÓŁKA Z O.O.,2022-01-15
1145,STAROWIŚLNA,79 LOK. 9,GASTRONOMIKA SP. Z O.O.,2017-04-16
1146,STAWOWA,61,RESTAURACJA BRONOWICE SPÓŁKA Z O. O. SPÓLKA KOMANDYTOWA,2018-12-05
1147,STAWOWA,61,COPIAK JAROSŁAW,2019-01-15
1148,STAWOWA,61,POLAKOWSKI GALERIE SPÓŁKA Z O.O.,2021-10-06
1149,STAWOWA,171A,WÓJCIK PATRYCJA,2021-06-23
1150,STAWOWA,61 lok. 141,"BŁESZYŃSKA ANNA, STYRYLSKI KRZYSZTOF",2020-04-15
1151,STAWOWA,61 lok. 144,KHAN SPÓŁKA Z O. O.,2017-03-10
1152,STAWOWA,61 lok. 145,AMREST SPÓŁKA Z O. O.,2019-01-19
1153,STEFANA BATOREGO,1,"WRONA ADRIAN, LEŚNIAK MIŁOSZ, RAFAŁ SZUBA",2021-05-10
1154,STOLARSKA,3,STOLARSKA 3 SPÓŁKA Z OGRANICZONĄ ODPOWIEDZIALNOŚCIĄ,2021-03-20
1155,STOLARSKA,5,SAWICKA-DANIELAK MARTA,2018-11-21
1156,STOLARSKA,5,DANIELAK FILIP,2020-10-22
1157,STOLARSKA,5,"BATRUCH KATARZYNA, BATRUCH ANDRZEJ",2021-01-12
1158,STOLARSKA,6,CIBA MARCIN,2018-10-15
1159,STOLARSKA,8,RENKE GRZEGORZ,2020-06-25
1160,STOLARSKA,10,KOWALSKA MAGDALENA,2021-08-10
1161,STOLARSKA,11,JARZĘBAK ANDRZEJ,2019-06-26
1162,STOLARSKA,13,"SKORULSKI KRZYSZTOF, GUBAŁA MIECZYSŁAW",2017-05-10
1163,STOLARSKA,13,"KOWAL BEATA, OZIĘBŁO DANIEL",2018-10-31
1164,STOLARSKA,13,ORIENT EKSPRES RESTAURACJA PRZYBYLSKI I SEWERYN SPÓŁKA JAWNA,2020-01-26
1165,STOLARSKA,5/3,PAUZA SPÓŁKA Z O.O. SPÓŁKA KOMANDYTOWA,2021-11-17
1166,STOLARSKA,6/1,RAPICKA - SIKORSKA MAGDALENA,2017-09-29
1167,STOLARSKA,8-10,RENKE JANUSZ,2017-04-09
1168,STOLARSKA,8/10,DANIELAK FILIP,2019-08-17
1169,STRADOMSKA,1,MAJ PAWEŁ,2018-12-31
1170,STRADOMSKA,11,PIETRUSIŃSKA BARBARA,2021-01-13
1171,STRADOMSKA,11,MINCBERGER ALEKSANDRA,2021-06-09
1172,STRADOMSKA,13,KD PROGRESS SPÓŁKA Z O. O.,2020-09-30
1173,STRADOMSKA,13,THI BI NGUYEN,2021-09-07
1174,STRADOMSKA,15,OLESIAK MACIEJ,2017-11-30
1175,STRADOMSKA,23,ROMANOWSKI MACIEJ,2021-04-03
1176,STRASZEWSKIEGO,4,SIKORA ZDZISŁAW,2018-04-11
1177,STRASZEWSKIEGO,16,KANIA URSZULA,2019-08-12
1178,STRASZEWSKIEGO,17,"""UBM - HPG"" SPÓŁKA Z O. O.",2019-06-30
1179,STRASZEWSKIEGO,28,"RYDZEK RAFAŁ, MAZGAJ MATEUSZ, TOMCZYK MAREK",2018-11-17
1180,STRUMIENNA,10,SHPAK FAMILY SPÓŁKA Z O. O.,2020-04-22
1181,STRZELCÓW,26,JONASZ SPÓŁKA Z O. O.,2019-12-29
1182,SUKIENNICZA,8/UC5,"KLAINA-KOZIEŁ DOROTA, KOZIEŁ TOMASZ",2020-09-22
1183,SURZYCKIEGO,2,MICHALIK ANNA,2018-10-10
1184,SYROKOMLI,2,ORBIS SPÓŁKA AKCYJNA,2017-03-06
1185,SZCZEPAŃSKA,1,"FRANCZAK PAWEŁ, KULISA PAWEŁ",2019-01-31
1186,SZCZEPAŃSKA,1,DEGORA SPÓŁKA Z O.O.,2021-10-04
1187,SZCZEPAŃSKA,3,SMĘDER TOMASZ,2018-04-10
1188,SZCZEPAŃSKA,3,WANOWICZ MAŁGORZATA,2021-07-31
1189,SZCZEPAŃSKA,5,HOLDING LIWA SPÓŁKA Z O. O.,2019-03-12
1190,SZCZEPAŃSKA,7,KAMIŃSKA KAROLINA,2021-05-31
1191,SZCZEPAŃSKA,3/1,"DUDEK MARCIN, ZIMNIAK MAREK",2020-03-19
1192,SZCZEPAŃSKI,6,SOCHA RAFAŁ,2021-05-10
1193,SZCZEPAŃSKI,7,"SAROTA JAROSŁAW, RUTKOWSKI MARIAN",2021-09-23
1194,SZEROKA,2,STOPKA GABRIELA,2017-12-06
1195,SZEROKA,6,KLEZMERHOJS SPÓŁKA Z O. O.,2018-09-30
1196,SZEROKA,12,AMICUS SPÓŁKA Z O.O.,2021-11-15
1197,SZEROKA,13,STB GROUP SPÓŁKA Z O. O.,2018-04-10
1198,SZEROKA,14,BELMAR M. KUŁAGA SPÓŁKA JAWNA,2019-04-14
1199,SZEROKA,17,RESTAURACJA ŻYDOWSKA ARIEL SPÓŁKA Z O.O.,2018-01-08
1200,SZEROKA,18,RESTAURACJA ŻYDOWSKA ARIEL SPÓŁKA Z O.O.,2017-03-20
1201,SZEROKA,20,ŁADOCHA MAGDALENA,2019-02-28
1202,SZEROKA,20,AFT HOTEL SPÓŁKA Z O.O.,2021-06-30
1203,SZEROKA,22,DUDEK MARCIN,2021-09-12
1204,SZEROKA,29,"NIECIĄG JAKUB, NIECIĄG DANUTA",2019-09-23
1205,SZEROKA,30,KORSAK WITOLD,2020-12-31
1206,SZEROKA,39,ROSEBUD SPÓŁKA Z O. O.,2021-04-26
1207,SZEROKA,7-8,"LEŚNIAK MAŁGORZATA, LEŚNIAK MICHAŁ",2019-01-27
1208,SZEROKA,9-10,JANUCHTA MARIAN,2020-03-26
1209,SZEROKA,10/2,WADOWSKA MARTA,2019-12-28
1210,SZEWSKA,4,CONEKT SN SPÓŁKA Z O. O.,2018-09-30
1211,SZEWSKA,7,"MARKOWSKA KATARZYNA, BERUS SŁAWOMIR, DZIEWAŁTOWSKI-GINTOWT ANDRZEJ",2020-04-01
1212,SZEWSKA,10,F&M INWESTYCJE SPÓŁKA Z O. O. SPÓŁKA KOMANDYTOWA,2018-04-16
1213,SZEWSKA,12,BRANDYS JADWIGA,2021-02-08
1214,SZEWSKA,13,MIRRA SPÓŁKA Z OGRANICZONĄ ODPOWIEDZIALNOŚCIĄ,2021-04-17
1215,SZEWSKA,14,CZERNECKA MARIA,2017-02-06
1216,SZEWSKA,14,WARMUZ ŁUKASZ,2018-09-05
1217,SZEWSKA,14,CZERNECKA MARIA,2022-02-06
1218,SZEWSKA,17,GHARBI JAMIL,2021-03-22
1219,SZEWSKA,18,DRINK-BAR BACHUS SVETLANA IVANOWA SPÓŁKA JAWNA,2020-12-08
1220,SZEWSKA,20,MEX BISTRO I SPÓŁKA Z O.O.,2017-12-19
1221,SZEWSKA,21,SOKOŁOWSKA-NIEMIEC EWELINA,2021-05-12
1222,SZEWSKA,23,NOWAK PAWEŁ,2020-04-18
1223,SZEWSKA,25,GORYCA LESZEK,2021-01-19
1224,SZEWSKA,27,"""JUSDUD"" J. DUDEK SPÓŁKA Z O. O.",2020-12-28
1225,SZEWSKA,20/3,LOST GROUP SPÓŁKA Z O.O.,2021-03-29
1226,SZEWSKA,21 Ip.,"ZGÓRKIEWICZ KRZYSZTOF, WOŁKOUN MARCIN",2019-08-08
1227,SZEWSKA,23 lok.II,SZPULAK ERNEST,2021-03-29
1228,SZEWSKA,25/LU3,NGUYEN VAN QUY,2019-09-11
1229,SZEWSKA,5 /I piętro/,"S EVENTS SP. ZO.O., SP. KOMANDYTOWA",2019-01-17
1230,SZEWSKA,5 /piwnice/,"F EVENTS SP. ZO.O., SP. KOMANDYTOWA",2019-01-17
1231,SZLAK,33,DĄBROWSKA WERONIKA,2018-06-05
1232,SZLAK,14/3U,SCHULZ ANTONINA,2018-01-01
1233,SZLAK,47/15,LEKSA WŁODZIMIERZ,2019-11-03
1234,SZPITALNA,9,MOSTOWY MONIKA,2021-02-02
1235,SZPITALNA,9,NOWAK KATARZYNA,2021-02-04
1236,SZPITALNA,26,"GAWLIK MAŁGORZATA, JAKUBAS MONIKA",2020-08-13
1237,SZPITALNA,28,LAN VU HUNG,2018-07-09
1238,SZPITALNA,36,KUBALA DARIUSZ,2019-05-31
1239,SZPITALNA,36,DIONIZOS SVETLANA IVANOVA SPÓŁKA JAWNA,2021-09-06
1240,SZPITALNA,38,LEVEL PIETRZAK&ŻONTOŁ SPÓŁKA JAWNA,2019-02-02
1241,SZPITALNA,38,WĄSOWICZ ROBERT,2020-12-22
1242,SZPITALNA,40,KOŚĆ JAGODA,2019-04-24
1243,SZPITALNA,20-22,"CZYŻYCKI TOMASZ, WIŚNIEWSKI SŁAWOMIR",2020-11-01
1244,SZPITALNA,5 lok. I,PIECHOWSKI DARIUSZ,2020-04-15
1245,SZUJSKIEGO,1/1,"SCHECHTEL MAREK, SITEK ŁUKASZ, PISKORSKI DANIEL",2019-12-31
1246,SZYBKA,25/1,"PĘDZIWIATR BARBARA, MILEWSKI JERZY",2020-12-01
1247,SZYMANOWSKIEGO,15,"HUĆKO MARIUSZ, ORŁOWSKI TOMASZ",2018-09-03
1248,ŚLICZNA,34B/U3,CHMURA IWONA,2021-02-25
1249,ŚLUSARSKA,9,"WASIŃSKA-RUSIN MAGDALENA, GRULA MAŁGORZATA",2021-02-20
1250,ŚLUSARSKA,3/1,PŁÓCIENNIAK BARTŁOMIEJ,2019-08-05
1251,ŚW. ANNY,2,HAWEŁKA SPÓŁKA Z O.O.,2021-11-30
1252,ŚW. ANNY,3,WROŃSKI ARTUR,2020-12-22
1253,ŚW. ANNY,11,"SITEK MATEUSZ, SITEK ŁUKASZ",2021-01-26
1254,ŚW. FILIPA,11,JANKIEL KRZYSZTOF,2021-05-29
1255,ŚW. FILIPA,18,HOTEL FILIPA 18 SPÓŁKA Z O.O.,2021-12-15
1256,ŚW. FILIPA,18,HOTEL FILIPA 18  SPÓŁKA Z O.O.,2018-09-04
1257,ŚW. FILIPA,25,KDG TURYSTYKA SPÓŁKA Z O.O.,2021-11-14
1258,ŚW. GERTRUDY,5,CZYNCIEL BOŻENA,2022-03-31
1259,ŚW. GERTRUDY,12,LEGENDZIEWICZ JACEK,2021-08-08
1260,ŚW. GERTRUDY,26-29,POLSKIE RESTAURACJA ROYAL SPÓŁKA Z O. O.,2020-10-25
1261,ŚW. GERTRUDY,26-29,GRUPA HOTELI WAM SPÓŁKA Z O. O.,2020-05-19
1262,ŚW. JANA,2,LOŻA KRZYSZTOF NOWOSAD SPÓŁKA JAWNA,2021-05-09
1263,ŚW. JANA,3,SFINKS POLSKA SPÓŁKA AKCYJNA,2021-11-09
1264,ŚW. JANA,5,"JANISZEWSKA JOANNA, JANISZEWSKI TOMASZ",2021-01-05
1265,ŚW. JANA,16,BAROQUE KRAKÓW SPÓŁKA Z O.O.,2021-05-31
1266,ŚW. JANA,13/1,OGO SPÓŁKA Z O.O.,2021-08-31
1267,ŚW. JANA,3-5,PWIP KRAKÓW SPÓŁKA Z O.O.,2022-01-12
1268,ŚW. KATARZYNY,2,GREEK TRADE SPÓŁKA Z O. O.,2020-10-22
1269,ŚW. KATARZYNY,4/1,DZIKI MICHAŁ,2020-09-27
1270,ŚW. KRZYŻA,13,SIENKIEWICZ ALDONA,2020-07-08
1271,ŚW. ŁAZARZA,16,LAMPART-HOBRZYK BARBARA,2017-11-12
1272,ŚW. MARKA,27,NOWAK TOMASZ,2021-01-31
1273,ŚW. MARKA,22A,CHMIELEWSKI RAFAŁ,2021-05-31
1274,ŚW. MARKA,34 A,JASICKI MAREK,2021-05-28
1275,ŚW. SEBASTIANA,6,"LUTAK ANNA, MATLAK ŁUKASZ, STACHNIK MARCIN",2021-02-10
1276,ŚW. SEBASTIANA,33,ŻYGULSKA-NOWAKOWSKA KATARZYNA,2020-08-31
1277,ŚW. TOMASZA,1,KASPRZYK WITOLD,2020-07-08
1278,ŚW. TOMASZA,4,WOŁKOUN MARCIN,2021-09-12
1279,ŚW. TOMASZA,6,"MEYSZTOWICZ IWONA, URBANEK KRYSTYNA",2020-11-23
1280,ŚW. TOMASZA,10,GAWRYLUK JOLANTA,2020-06-11
1281,ŚW. TOMASZA,15,THE SPAGHETTI MSHG SPÓŁKA Z O.O.,2022-01-09
1282,ŚW. TOMASZA,15,TARGET SERVICE RADOSŁAW J. FRONC SPÓŁKA JAWNA,2021-12-29
1283,ŚW. TOMASZA,17,ŁODZIŃSKA-DUDA WERONIKA,2020-10-15
1284,ŚW. TOMASZA,18,"""GANESH"" - ŚW. TOMASZA 17 SPÓŁKA Z O. O.",2020-08-10
1285,ŚW. TOMASZA,21,DROHOMIRECKA ZOFIA,2021-01-13
1286,ŚW. TOMASZA,32,HOTEL CLASSIC A. DWORAKOWSKA SPÓŁKA JAWNA,2021-04-05
1287,ŚW. TOMASZA,34,HOTEL G.E. KRAKÓW SPÓŁKA Z O.O.,2021-09-07
1288,ŚW. TOMASZA,19/4,LEE CHANG-LUNG,2021-06-02
1289,ŚW. TOMASZA,11A,KUCHARCZYK ANDRZEJ,2020-07-27
1290,ŚW. TOMASZA,11A,PARTNER SPÓŁKA Z O. O.,2020-10-06
1291,ŚW. TOMASZA,31 LU 3,SŁOWIŃSKA JOANNA,2021-08-11
1292,ŚW. WAWRZYŃCA,6,MIODOSYTNIA NA KAZIMIERZU SPÓŁKA Z O. O. SPÓŁKA KOMANDYTOWA,2020-04-28
1293,ŚW. WAWRZYŃCA,18,"NOSTKIEWICZ SŁAWOMIR, MALARZ MARCIN",2020-11-26
1294,ŚW. WAWRZYŃCA,22,CRAFTOWNIA SPÓŁKA Z O. O.,2021-03-19
1295,ŚWIĘTEGO ANDRZEJA BOBOLI,5,KLUB SPORTOWY PRĄDNICZANKA,2020-04-06
1296,ŚWIĘTEGO FILIPA,6,SH&H SP. Z O.O. SP. K.,2019-04-09
1297,ŚWIĘTEGO FILIPA,7,REIZER AGNIESZKA,2019-11-11
1298,ŚWIĘTEGO JANA,1,CRACOW ROYAL CENTER SPÓŁKA Z O. O.,2017-06-17
1299,ŚWIĘTEGO JANA,2,SEKUNDA SYLWESTER,2020-03-31
1300,ŚWIĘTEGO JANA,8,DESTINO SPÓŁKA Z O. O. SPÓŁKA KOMANDYTOWA,2019-06-24
1301,ŚWIĘTEGO JANA,10,PIĘKOŚ ZENON,2018-06-18
1302,ŚWIĘTEGO JANA,18,NITERA RADOSŁAW,2018-01-14
1303,ŚWIĘTEGO JANA,30,TAP HOUSE SPÓŁKA Z O. O.,2019-07-31
1304,ŚWIĘTEGO KRZYŻA,15,"BANAŚ SEBASTIAN, MIERNICZEK MARCIN",2017-12-09
1305,ŚWIĘTEGO MARKA,20,HOTEL UNICUS MIĘCZKOWSKI SPÓŁKA KOMANDYTOWA,2019-11-01
1306,ŚWIĘTEGO SEBASTIANA,12,PERFECT HOTELS SP. Z O.O.,2017-08-06
1307,ŚWIĘTEGO TOMASZA,2,GAWRYLUK JOLANTA,2020-08-20
1308,ŚWIĘTEGO TOMASZA,5,PIASKOWSKI PRZEMYSŁAW,2017-08-08
1309,ŚWIĘTEGO TOMASZA,7,"MARKOWSKA KATARZYNA, DZIEWAŁTOWSKI-GINTOWT ANDRZEJ, BERUS SŁAWOMIR",2018-01-15
1310,ŚWIĘTEGO TOMASZA,8,STARA KUCHNIA SPÓŁKA Z O. O. SPÓŁKA KOMANDYTOWA,2018-05-07
1311,ŚWIĘTEGO TOMASZA,8,TŁUSZCZ ARTUR,2019-10-23
1312,ŚWIĘTEGO TOMASZA,29,ZEN SPÓŁKA Z O. O.,2019-03-01
1313,ŚWIĘTEGO TOMASZA,30,PIECHOWSKI DARIUSZ,2017-09-06
1314,ŚWIĘTEGO TOMASZA,31,SENDECKI JERZY,2020-04-06
1315,ŚWIĘTEGO TOMASZA,33,NITERA RADOSŁAW,2020-03-08
1316,ŚWIĘTEGO TOMASZA,30/2,KOZAKIEWICZ IWONA,2018-12-31
1317,ŚWIĘTEGO TOMASZA,28/4,ZGÓRKIEWICZ KRZYSZTOF,2019-02-27
1318,ŚWIĘTEGO TOMASZA,11A,ACTION GROUP SPÓŁKA Z O. O.,2021-02-10
1319,ŚWIĘTEGO TOMASZA,31/LU2,"ZIMNIAK MAREK, DUDEK MARCIN, JANSOHN MAREK",2019-08-07
1320,ŚWIĘTEGO WAWRZYŃCA,12,HOTELE DE SILVA SPÓŁKA Z O.O.,2017-06-05
1321,ŚWIĘTEJ AGNIESZKI,1,SFINKS POLSKA S.A.,2018-06-04
1322,ŚWIĘTEJ ANNY,4,BFC SPÓŁKA Z O. O.,2019-03-26
1323,ŚWIĘTEJ ANNY,7,"GAWRON ELŻBIETA, GAWRYLUK MIROSŁAW",2017-02-28
1324,ŚWIĘTEJ GERTRUDY,5,CZYNCIEL BOŻENA,2017-03-31
1325,ŚWIĘTEJ GERTRUDY,6,RT HOTELS S. A.,2018-12-14
1326,ŚWIĘTEJ GERTRUDY,21,BARAN JAN,2018-07-31
1327,ŚWIĘTEJ GERTRUDY,7/1,SZAŁAPAK MARIA,2019-05-04
1328,ŚWIĘTEJ GERTRUDY,7/3,"KOI KRAKÓW SPÓŁKA Z OGRANICZONĄ ODPOWIEDZIALNOŚCIĄ, .",2017-03-12
1329,TADEUSZA ROMANOWICZA,15,CHAMIELEC JACEK,2020-12-27
1330,TADEUSZA ROMANOWICZA,23,KOWARA JOANNA,2020-12-14
1331,TARŁOWSKA,15,ZYDROŃ MAREK,2020-03-29
1332,TEATRALNE,34,DYRDA DOMINIK,2021-09-30
1333,TELIGI,27,"PYRCZAK ANETA, PYRCZAK PAWEŁ",2017-05-21
1334,TELIGI,34,GUDOWSKA OLGA,2017-08-08
1335,TELIMENY,50,RADWAŃSKI JERZY,2021-09-21
1336,TOPOLOWA,3,"CICHOŃ TOMASZ, OPIELOWSKI PRZEMYSŁAW",2020-09-30
1337,TOPOLOWA,12,WIDYNA JOLANTA,2021-05-27
1338,TOPOLOWA,27,"DOBROWOLSKA KATARZYNA, DOBROWOLSKI ARTUR",2019-04-17
1339,TOPOLOWA,42,KONRAD RYŚ,2021-06-16
1340,TORUŃSKA,5,"IMIELSKI BARTOSZ, LEOŃCZUK PAWEŁ",2020-12-31
1341,TORUŃSKA,24,FIEDOR KAROLINA,2021-05-11
1342,TURNIEJOWA,65,WÓJCIK ANDRZEJ,2020-07-29
1343,TURNIEJOWA,73F/30,MUSZYŃSKI ARKADIUSZ,2021-04-30
1344,TYNIECKA,47,PANORAMA KRAKÓW SPÓŁKA Z O.O.,2021-04-28
1345,TYNIECKA,160,KNECHT SŁAWOMIR,2019-02-15
1346,TYNIECKA,118H,CZEKAJ TADEUSZ,2021-12-06
1347,TYNIECKA,118H,CZEKAJ TADEUSZ,2021-11-30
1348,TYNIECKA,167B,"SOBCZYK SYLWIA, KRÓLCZYK-SIENKO KAMILA, KRÓLCZYK MARCIN",2020-10-31
1349,UJASTEK,2,BOJDO PAULINA,2018-03-17
1350,UROCZA,26,NIEDENTHAL RENATA,2021-04-10
1351,URZĘDNICZA,26 lok. 9,KRUPA-RUSZKOWSKA ANNA,2019-08-09
1352,WACŁAWA LIPIŃSKIEGO,20A,WITUCHOWSKI ŁUKASZ,2021-01-20
1353,WADOWICKA,3/335,CF INDUSTRIES SPÓŁKA Z O.O.,2018-09-06
1354,WADOWICKA,8G,"LE SON, LE JOANNA, LE THANH HA",2019-02-11
1355,WALEREGO SŁAWKA,43/2,JANIK-RAJCA MAJA,2021-06-10
1356,WALERIANA ŁUKASIŃSKIEGO,3-3A,KURASZYŃSKA AGNIESZKA,2020-06-11
1357,WARSZAUERA,3,GUZDA JAROSŁAW,2017-12-20
1358,WARSZAUERA,1/8E,GULA-LEWIŃSKA ELŻBIETA,2017-02-15
1359,WARSZAWSKA,15,LOCH NESS SPÓŁKA Z OGRANICZONĄ ODPOWIEDZIALNOŚCIĄ,2018-10-09
1360,WARSZAWSKA,17 Ip.,HUSZCZA AMELIA,2020-09-09
1361,WĄSKA,2,"SEWERYN BEATA, BIENIEK ANNA",2018-08-31
1362,WESTERPLATTE,18,"KONDRAT DARIUSZ, MAJEWSKI MACIEJ, POTACZEK GRZEGORZ",2019-04-08
1363,WESTERPLATTE,12 /przyciemia/,GÓRA JERZY,2020-09-02
1364,WESTERPLATTE,15/16,WOŹNIAK RYSZARD,2017-02-24
1365,WĘGŁOWA,2,LIBRUK ZBIGNIEW,2018-10-14
1366,WIDNA,8,JASZCZEWSKA RENATA,2022-01-11
1367,WIDOK,11,ROGUSZ ANNA,2021-06-30
1368,WIELICKA,259,JĘDRUSIAK HENRYK,2021-10-05
1369,WIELOPOLE,3,PMP REST SPÓŁKA Z O. O.,2018-08-07
1370,WIELOPOLE,4,GEMO SPÓŁKA Z O. O.,2019-11-01
1371,WIELOPOLE,7,KOCIUMBAS WALDEMAR,2017-05-29
1372,WIELOPOLE,11,"BERUS SŁAWOMIR, DZIEWAŁTOWSKI-GINTOWT ANDRZEJ, MARKOWSKA KATARZYNA",2019-04-21
1373,WIELOPOLE,22,U JĘDRUSIA SPÓŁKA Z O.O.,2021-04-30
1374,WIELOPOLE,32,VU THI THUY VAN,2021-03-10
1375,WIEWIÓRCZA,2,"FRĄCZEK MAŁGORZATA, ŻABIŃSKI LESZEK, BROŚ MONIKA",2019-12-31
1376,WIEWIÓRCZA,2,"FRĄCZEK MAŁGORZATA, BROŚ MONIKA, FRĄCZEK WOJCIECH",2021-12-31
1377,WINNICKA,40,J&J SPORT CENTER HAJTEK - SPÓŁKA JAWNA,2017-03-07
1378,WIŚLNA,3,FORTE DE LEO SPÓŁKA Z O. O.,2021-04-14
1379,WIŚLNA,5,POTASZ JOANNA,2019-08-10
1380,WIŚLNA,8,CHOCO CAFE SPÓŁKA Z OGRANICZONĄ ODPOWIEDZIALNOŚCIĄ,2021-04-10
1381,WIŚLNA,10,SZLACHTA DOROTA,2020-09-09
1382,WIŚLNA,10,PAJĄK MACIEJ,2021-06-01
1383,WIŚLNA,11,"PADRE SKRZYDLEWSKI, SUS SPÓŁKA JAWNA",2017-08-14
1384,WIŚLNA,12,RISAMORE POLSKA SPÓŁKA Z O.O.,2021-05-31
1385,WIŚLNA,5/10,"AQUA - R. FABRIS, F. MARZOCCHI SPÓŁKA JAWNA",2020-06-24
1386,WŁADYSŁAWA ANCZYCA,1,PRASCHILL ROBERT,2021-03-31
1387,WŁADYSŁAWA ŁOKIETKA,43,WALKOSZ MAREK,2019-03-31
1388,WŁADYSŁAWA STANISŁAWA REYMONTA,17,FUNDACJA STUDENTÓW I ABSOLWENTÓW AKADEMII GÓRNICZO-HUTNICZEJ W KRAKOWIE ACADEMICA,2020-11-13
1389,WŁADYSŁAWA STANISŁAWA REYMONTA,22,ŁOBODZIŃSKI DOMINIK,2017-10-06
1390,WŁÓCZKÓW,7,"""B&J ENTERPRISE"" SPÓŁKA Z O.O.",2020-08-16
1391,WODNA,17,BOBEK MARIUSZ,2017-09-05
1392,WOLNICA,2,"TOTA GRZEGORZ, TOTA JAROSŁAW",2021-06-20
1393,WOLNICA,7,SCHONFELD ELŻIETA,2021-12-14
1394,WOLNICA,11/lok. 2,"RUSZAŁO RAFAŁ, RUSZAŁO MONIKA",2022-01-31
1395,WOLSKA,2,GRYZ TOMASZ,2020-07-07
1396,WROCŁAWSKA,5A,"TOMASZEWSKA AGNIESZKA, WOJCIECHOWSKI TYMOTEUSZ",2017-10-23
1397,WROCŁAWSKA,78A,SOSNOWSKI JERZY,2018-02-24
1398,WRZESIŃSKA,9,LARIS SPÓŁKA Z O.O.,2021-04-19
1399,WRZESIŃSKA,3/3,SZOKALSKI ROBERT,2018-04-19
1400,WYGODA,8A,METROPOLIS DESIGN HOTEL SPÓŁKA Z O. O. SPÓŁKA KOMANDYTOWO- AKCYJNA,2019-10-22
1401,WYGRANA,6,WYGRANA Q HOTEL SPÓŁKA Z O. O.SPÓŁKA KOMANDYTOWA,2020-03-26
1402,ZA SKŁONEM,14,REJDAK JOANNA,2020-09-09
1403,ZABŁOCIE,13,KRAKOWSKA GRUPA AMNIS SPÓŁKA Z O.O.,2021-02-04
1404,ZABŁOCIE,20,TIPERERA SPÓŁKA ZO.O.,2021-11-14
1405,ZABŁOCIE,33,"HORIKOSHI ANNA, SZWAN MACIEJ",2020-09-20
1406,ZACHODNIA,27,"""KUCHNIOLOGIA"" K. SETKOWICZ SPÓŁKA JAWNA",2019-12-09
1407,ZAKŁADOWA,3A,"ZAFORYMSKI JERZY, ŁYGAN ROBERT",2017-02-15
1408,ZAKOPIAŃSKA,62,NIEMIEC PIOTR,2017-06-10
1409,ZAKOPIAŃSKA,62,NIEMIEC EWA,2017-07-16
1410,ZAKOPIAŃSKA,62,AMREST SP. ZO.O.,2019-06-02
1411,ZAKOPIAŃSKA,62,BRZEGOWY TOMASZ,2020-08-03
1412,ZAKOPIAŃSKA,62,CINEMA CITY POLAND - CC SPÓŁKA Z O. O. SPÓŁKA JAWNA,2021-03-31
1413,ZAKOPIAŃSKA,62,CARREFOUR POLSKA SP.Z O.O.,2019-09-22
1414,ZAKOPIAŃSKA,105,NIEMIEC PIOTR,2018-10-13
1415,ZAKOPIAŃSKA,105,NIEMIEC PIOTR,2018-10-13
1416,ZAKOPIAŃSKA,265,ŁUKASIK KRYSTYNA,2021-11-14
1417,ZAKOPIAŃSKA,180 B,MRÓZ ANNA,2021-06-11
1418,ZAKOPIAŃSKA,293A,TWARDOWICZ AGATA,2017-11-20
1419,ZAMEK WAWEL,9,WAWEL S. A.,2020-12-22
1420,ZAMEK WAWEL,9,"BUJAK PIOTR, BUJAK JOANNA, AGNIESZKA PARTYKA- BUJAK",2021-04-06
1421,ZAMEK WAWEL,,"SCHAB IWONA, SCHAB SZYMON",2021-02-28
1422,ZAMKOWA,1,PHAM ANH KHOI,2020-12-17
1423,ZAPOLSKIEJ,22,MARZEC DARIUSZ,2017-06-10
1424,ZARZECZE,124A,KAIPOL SPÓŁKA Z O. O.,2019-11-06
1425,ZAWIŁA,59B,"GRZEŚKOWIAK MARIA, GRZEŚKOWIAK MARZENA, GRZEŚKOWIAK PAWEŁ",2021-03-10
1426,ZAWISZY,10/3,HODAS HANNA,2021-06-20
1427,ZBOŻOWA,2,BATTEK ANDRZEJ,2021-02-25
1428,ZDROWA,8/4,MIANOWSKI PAWEŁ,2017-06-04
1429,ZDUŃSKA,18/1,"WIDOR KRZYSZTOF, WIDOR DANUTA",2021-06-09
1430,ZIELONE,22,PODRYGAŁA SŁAWOMIR,2021-06-08
1431,ZŁOCIENIOWA,17,GORSZKOW ŁUKASZ,2019-07-28
1432,ZWIERZYNIECKA,12,WALCZAK JAN,2017-08-30
1433,ZWIERZYNIECKA,23,"KLAINA DOROTA, KOZIEŁ TOMASZ",2021-05-26
1434,ZWIERZYNIECKA,25,TOKARCZYK SZYMON,2017-06-25
1435,ZWIERZYNIECKA,29,BUGAJSKI ROMAN,2018-12-31
1436,ZWIERZYNIECKA,29,TATTOOED BEER SPÓŁKA Z O.O.,2018-10-17
1437,ZWIERZYNIECKA,30,NAWRATOWICZ AGNIESZKA,2020-07-13
1438,ZWIERZYNIECKA,32,WĘGRZYCKI ALAN,2017-11-12
1439,ZWIERZYNIECKA,34,"BAR LAJKONIK BARBARA KURLIT, ROBERT KURLIT, MIECZYSŁAW KURLIT - SPÓŁKA JAWNA",2017-09-30
1440,ZWIERZYNIECKA,5/3,BRODA ŁUKASZ,2021-05-15
1441,ZYBLIKIEWICZA,1,BARANEK JACEK,2017-02-28
1442,ZYGMUNTA AUGUSTA,9/4,KRZYŻANOWSKA ANNA,2018-06-14
1443,ZYGMUNTA KRASIŃSKIEGO,8,KANDILDŻAJAN KARAPET,2021-06-30
1444,ZYGMUNTA KRASIŃSKIEGO,34,APOLLO FILM SPÓŁKA Z O.O.,2020-11-03
1445,ŻABINIEC,16,CZAPLAK MAŁGORZATA,2020-02-13
1446,ŻYWIECKA,13,FLORCZYK BOGUMIŁA,2021-08-09
