index,address_1,address_2,name,expiration_date
1,29 LISTOPADA,116,"HARBUT ANNA, HARBUT ŁUKASZ",2021-12-20
2,3 MAJA,9,PARK CLUB RESTAURACJA SPÓŁKA Z OGRANICZONĄ ODPOWIEDZIALNOŚCIĄ SPÓŁKA KOMANDYTOWA,2023-10-14
3,AGATOWA,1,RADECKI DAMIAN,2027-09-11
4,AL. SŁOWACKIEGO,64,"MUSZYŃSKI MATEUSZ, HEKERLE GRZEGORZ",2021-10-31
5,ALBERTA SCHWEITZERA,3,RESTAURACJA ŻYDOWSKA ARIEL SPÓŁKA Z OGRANICZONA ODPOWIEDZILANOŚCIĄA,2028-06-30
6,ALEJA 29 LISTOPADA,137,GRABOWSKI ZDZISŁAW,2022-08-27
7,ALEJA 29 LISTOPADA,189,WM HOTEL SYSTEM SPÓŁKA Z O. O.,2023-05-20
8,ALEJA 29 LISTOPADA,57-59,"MIŚKIEWICZ ZUZANNA, MIŚKIEWICZ GRZEGORZ",2028-02-29
9,ALEJA 29 LISTOPADA,94B,TCF HUB CENTRUM SPORTU I INTEGRACJI NON PROFIT SPÓŁKA Z OGRANICZONĄ ODPOWIEDZIALNOŚCIĄ,2027-10-10
10,ALEJA 3 MAJA,1,WOŹNIAK AGATA,2028-10-13
11,ALEJA 3 MAJA,5,FUNDACJA STUDENTÓW I ABSOLWENTÓW UNIWERSYTETU JAGIELLOŃSKIEGO BRATNIAK,2021-04-25
12,ALEJA 3 MAJA,5,FUNDACJA STUDENTÓW I ABSOLWENTÓW UNIWERSYTETU JAGIELLOŃSKIEGO BRATNIAK,2029-04-25
13,ALEJA 3 MAJA,55,WISTERIA SPÓŁKA Z OGRANICZONĄ ODPOWIEDZIALNOŚCIĄ SPÓŁKA KOMANDYTOWO-AKCYJNA,2023-09-16
14,ALEJA GEN. TADEUSZA BORA- KOMOROWSKIEGO,37,DOMINIUM S. A.,2023-04-23
15,ALEJA IGNACEGO DASZYŃSKIEGO,5,SOBÓL URSZULA,2026-03-05
16,ALEJA JANA PAWŁA II,37,VINST SPÓŁKA Z O. O.,2022-05-14
17,ALEJA JANA PAWŁA II,70,PRZEDSIĘBIORSTWO WIELOBRANŻOWE WAGABUNDA I SP. Z O.O.,2023-03-03
18,ALEJA KASZTANOWA,1,EKOCENTRYK SPÓŁKA Z O. O.,2023-05-21
19,ALEJA MARSZAŁKA FERDINANDA FOCHA,1,FORUM DESIGNU SPÓŁKA Z OGRANICZONA ODPOWIEDZILANOSCIA SPÓŁKA KOMANDYTOWA,2028-06-01
20,ALEJA MARSZAŁKA FERDINANDA FOCHA,1,WESOŁOWSKI MACIEJ,2028-07-10
21,ALEJA MARSZAŁKA FERDINANDA FOCHA,40,HOTEL FUNDACJI PBR SPÓŁKA Z OGRANICZONA ODPOWIEDZIALNOSCIA,2027-02-11
22,ALEJA MASZAŁKA FOCHA,42,MAXIMUS CAPITAL SPÓŁKA AKCYJNA SPÓŁKA KOMANDYTOWA W RESTRUKTURYZACJI,2023-08-05
23,ALEJA MASZAŁKA FOCHA,24/1,BOOGIE SPÓŁKA Z O. O.,2022-09-07
24,ALEJA PŁK. WŁADYSŁAWA BELINY- PRAŻMOWSKIEGO,2D,CRIS SPÓŁKA Z OGRANICZONĄ ODPOWIEDZIALNOŚCIĄ,2028-07-31
25,ALEJA POKOJU,18,CHILLI KRKS SPÓŁKA Z OGRANICZONĄ ODPOWIEDZIALNOŚCIĄ,2028-11-30
26,ALEJA POKOJU,44,CINEMA CITY POLSKA SPÓŁKA Z O.O.,2023-10-31
27,ALEJA POKOJU,60,BANAŚ WIKTOR,2028-05-20
28,ALEJA POKOJU,67,"STANEK ELŻBIETA, STANEK ANDRZEJ",2023-04-24
29,ALEJA POKOJU,67,AMREST SPÓŁKA Z O.O.,2023-07-15
30,ALEJA POKOJU,67,KOZIEŁ SEBASTIAN,2028-09-10
31,ALEJA POKOJU,67,"GALOS ADAM, CISOWSKI PAWEŁ",2029-03-16
32,ALEJA POKOJU,14A,BORZYM GRAŻYNA,2028-03-24
33,ALEJA SOLIDARNOŚCI,20,WOŹNIAK BEATA,2023-12-13
34,ALEJA ZYGMUNTA KRASIŃSKIEGO,1,VIDOK SPÓŁKA Z O.O. SPÓŁKA KOMANDYTOWA,2023-08-13
35,ALEJA ZYGMUNTA KRASIŃSKIEGO,8,J.K.A VENTURE SPÓŁKA Z OGRANICZONĄ ODPOWIEDZIALNOŚCIĄ,2027-09-22
36,ALEJA ZYGMUNTA KRASIŃSKIEGO,34,APOLLO FILM SPÓŁKA Z OGRANICZONA ODPOWIEDZIALNOŚCIĄ,2028-11-03
37,ALEKSANDRA LUBOMIRSKIEGO,41,"SUCHORZEPKA TOMASZ, KMAK TOMASZ",2028-08-31
38,ALEKSANDRA LUBOMIRSKIEGO,"51 lok. 1, 2",DO QUANG HAI,2021-10-09
39,ALEKSANDRY,30,WBA BRACIA BARŁOWSCY SPÓŁKA JAWNA,2021-09-12
40,AMBROŻEGO GRABOWSKIEGO,6/2,NGUYEN DAC THANG,2028-02-29
41,AMBROŻEGO GRABOWSKIEGO,8/9,SZUMILAS ARTUR,2023-07-03
42,ANDRZEJA MAŁKOWSKIEGO,5,LOCH MAŁGORZATA,2028-09-30
43,ARMII KRAJOWEJ,6,"OLEKSIAK KRZYSZTOF, OLEKSIAK KRYSTYNA",2027-02-14
44,ARMII KRAJOWEJ,11,ORBIS SPÓŁKA AKCYJNA,2023-07-12
45,ARMII KRAJOWEJ,11,ZJEDNOCZONE PRZEDSIĘBIORSTWA ROZRYWKOWE SPÓŁKA AKCYJNA,2023-05-31
46,ARMII KRAJOWEJ,19,WSPÓŁWINNI SPÓŁKA Z OGRANICZONĄ ODPOWIEDZIALNOŚCIĄ SPÓŁKA KOMANDYTOWO-AKCYJNA,2027-12-22
47,AUGUSTIAŃSKA,4,POPLAWSKA DOROTA,2025-08-09
48,AUGUSTIAŃSKA,24/LU3,THE TRUST SPÓŁKA Z OGRANICZONĄ ODPOWIEDZIALNOŚCIĄ,2029-02-21
49,AUGUSTIAŃSKA,24/LU4,"ORKISZ ŁUKASZ, KUMAR RAKESH, PERIYASAMY DHANASEKAR",2027-02-07
50,AVIA,1/LU5,ŻELASKO MACIEJ,2027-06-10
51,BALICKA,2,CZAJA TOMASZ,2028-02-16
52,BALICKA,18,STACH DANIEL,2022-07-03
53,BALICKA,18,NGUYEN THI VAN,2027-06-30
54,BALICKA,324,KUBALA ANNA,2027-05-07
55,BALICKA,14A,GRANUZZO GABRIELE,2027-02-06
56,BALICKA,18A,KAIM PATRYK,2022-03-21
57,BALICKA,253B,WIŚNIEWSKA ANNA,2028-02-05
58,BARSKA,2,"FIRMA BUDOWLANA STAMBUD MAŁGORZATA MRÓZ,STANISŁAW MRÓZ SPÓŁKA JAWNA",2023-07-09
59,BARSKA,61A/LU1,GUSTAV SPÓŁKA Z OGRANICZONĄ ODPOWIEDZIALNOŚCIĄ,2028-06-17
60,BARTOSZA GŁOWACKIEGO,22,PRZEDSIĘBIORSTWO USŁUG TURYSTYCZNO-HANDLOWYCH DEMEL SPÓŁKA Z OGRANICZONĄ ODPOWIEDZILANOŚCIĄ,2028-06-01
61,BASZTOWA,15,NAWITO SP. Z O.O. SP. K.,2023-03-20
62,BASZTOWA,17,"KIJOWSKI ROBERT, KIJOWSKA BEATA, KIJOWSKI ADRIAN",2027-07-09
63,BASZTOWA,25,KOMUSIŃSKI STANISŁAW,2023-02-06
64,BENEDYKTYŃSKA,37,"""BENEDICITE"" JEDNOSTKA GOSPODARCZA OPACTWA BENEDYKTYNÓW W TYŃCU",2028-11-16
65,BENEDYKTYŃSKA,50,WCISŁO ANNA,2026-03-06
66,BERKA JOSELEWICZA,17-19,"BAŚ PAWEŁ, STOLAREK KRZYSZTOF",2023-07-29
67,BERKA JOSELEWICZA,18/LU 1,SZLACHTA DOROTA,2024-09-13
68,BERKA JOSELEWICZA,21B,THE MOON LOUNGE BAR SPÓŁKA Z OGRANICZONĄ ODPOWIEDZIALNOŚCIĄ,2026-11-09
69,BIAŁOPRĄDNICKA,32,KONDERAK TATIANA,2023-09-04
70,BIAŁORUSKA,8B,CISAK MARIA,2023-02-25
71,BIEŃCZYCKA,19,"CZEKAJ WOJCIECH, MATUŁA JACEK",2022-02-06
72,BIEŃCZYCKA,168 lok. 201,"BUCKA WERONIKA, MYSTEK MAŁGORZATA",2028-07-13
73,BIEŃCZYCKI PLAC TARGOWY,18,MAKSYMOWICZ EDYTA,2027-12-09
74,BISKUPIA,2,"BUROWSKA EWA, ŚLĘCZEK MAREK",2027-02-06
75,BOCHEŃSKA,7,BUGAJ MIROSLAW,2026-02-20
76,BOCHEŃSKA,7,ED RED SPÓŁKA AKCYJNA,2028-07-10
77,BOCHEŃSKA,2A,COFFEE BROTHERS SPÓŁKA Z OGRANICZONĄ ODPOWIEDZIALNOŚCIĄ,2027-10-26
78,BOCHEŃSKA,5/LU1,GUMULIŃSKA EWA,2023-10-10
79,BOCHEŃSKA,5/LU3,"WAGNER TOMASZ, ŁĘTOCHA BARTŁOMIEJ, RZEŹNICZEK SZYMON",2027-07-04
80,BOCIANA,8,KAPAŁA MACIEJ,2028-07-09
81,BOHATERÓW GETTA,2,TARGOSZ MICHAŁ,2022-06-08
82,BOHATERÓW WRZEŚNIA,26A,"KOCWA KRZYSZTOF, CHOROSTYŃSKA MARZENA",2023-06-07
83,BOJKI,4/16,"ZALEJSKI WIESŁAW, TRAN VAN MAGDALENA",2023-04-12
84,BOLESŁAWA CZERWIEŃSKIEGO,20A,WAGA DOROTA,2028-09-14
85,BOLESŁAWA LIMANOWSKIEGO,1,"RAKOCZY ALEKSANDRA, KRAWIEC PIOTR",2027-09-11
86,BOLESŁAWA LIMANOWSKIEGO,11,DĄSAL BOŻENA,2028-12-17
87,BOLESŁAWA ORLIŃSKIEGO,5,GURGACZ ROMAN,2023-06-21
88,BOLESŁAWA ORLIŃSKIEGO,3/2,PABJAN MATEUSZ,2023-09-05
89,BOLESŁAWA ORLIŃSKIEGO,5/12 i 13,BAŃDURA MARCIN,2023-10-01
90,BOLESŁAWA ŚMIAŁEGO,60,FERO EXPRESS HOTEL I RESTAURACJA SPÓŁKA Z OGRANICZONA ODPOWIEDZIALNOSCIA,2026-12-31
91,BONARKA,5,POMODORINI SPÓŁKA Z OGRANICZONĄ ODPOWIEDZIALNOSCIĄ,2027-08-28
92,BORKOWSKA,3/10LU,KLIŚ BOGUSŁAWA,2027-07-18
93,BOROWINOWA,2,SW SATUS SPÓŁKA Z O.O,2021-05-10
94,BOROWINOWA,49,HODAS NORBERT,2024-04-20
95,BOSACKA,5/1A,KRAK REST TOMASZ CICHOŃ SPÓŁKA JAWNA,2025-10-04
96,BOŻEGA CIAŁA,3,ZAJĄCZKOWSKI PIOTR,2025-05-21
97,BOŻEGO CIAŁA,7,CYKLOP SPÓŁKA Z OGRANICZONĄ ODPOWIEDZIALNOŚCIĄ,2023-12-04
98,BOŻEGO CIAŁA,9,ŁUCZYŃSKI BARTOSZ,2022-09-01
99,BOŻEGO CIAŁA,11,SAWICKA-DANIELAK MARTA,2025-11-11
100,BOŻEGO CIAŁA,11,PABIAN TOMASZ,2027-05-13
101,BOŻEGO CIAŁA,12,GASTRO INVEST GROUP SPÓŁKA Z O.O.,2023-06-07
102,BOŻEGO CIAŁA,19,RT HOTELS SPÓŁKA AKCYJNA,2027-04-04
103,BOŻEGO CIAŁA,14/1,LITWIN STANISŁAW,2027-10-12
104,BOŻEGO CIAŁA,14/2,DĄBEK JACEK,2023-03-21
105,BOŻEGO CIAŁA,12/21,PIZIORSKA MAŁGORZATA,2022-06-05
106,BP. PIOTRA TOMICKIEGO,4,"GRZESICKA MAŁGORZATA, GRZESICKI RAFAŁ",2027-04-08
107,BRACKA,4,1ST FLOOR SPÓŁKA Z O.O.,2024-12-26
108,BRACKA,13,"WYGAŚ PAWEŁ, WYGAS BEATA",2021-05-09
109,BRACKA,15,OFIERZYŃSKI KONRAD,2027-12-08
110,BRACKA,3-5,KŁOBUCH MAREK,2025-12-06
111,BRACKA,3-5,"KŁOBUCH MAREK, KŁOBUCH MARZENA",2025-05-09
112,BRACKA,3-5,KAŁUŻYŃSKA MAGDALENA,2021-09-07
113,BRACKA,3-5,"FEDAS-FRACZEK BOZENA, BISTROŃ ANNA",2028-05-20
114,BRONOWICKA,23/U4,JANKAMKUM ANNA,2023-06-07
115,BRZOZOWA,12,STAWARZ MIŁOSZ,2028-03-11
116,BRZOZOWA,18,NEON SPÓŁKA Z OGRANICZONĄ ODPOWIEDZIALNOŚCIĄ,2027-12-18
117,BRZOZOWA,4/1-3,PLANSZE KULTURY SPÓŁKA Z OGRANICZONĄ ODPOWIEDZIALNOŚCIĄ,2028-02-06
118,BRZOZOWA,17/4-5,KARAKTER RESTAUARCJA SPÓŁKA Z O.O. SPÓŁKA KOMANDYTOWA,2021-08-01
119,BRZOZOWA,15/1,ŚLIWIŃSKA KAMILA,2029-02-25
120,BRZOZOWA,17/3,"MARS MARCIN, KUMOR GRZEGORZ",2023-02-21
121,BRZOZOWA,8/1,BBK SPÓŁKA Z. O.O.,2023-03-05
122,BULWAR CZERWIEŃSKI,DZ. 172/7 OBR. 3 ŚRÓDMIEŚCI,KRAKOWSKA GRUPA AMNIS SPÓŁKA Z O.O.,2024-04-06
123,BULWAR CZERWIEŃSKI,dz. 172/7 obr. 3 śródmieście,KAPUSTA KRYSTIAN,2027-04-09
124,BULWAR CZERWIEŃSKI,dz. 81/5 obr. 146 i,SZEWCZYK EDYTA,2027-04-18
125,BULWAR CZERWIEŃSKI,DZ. 81/5 OBR. 146 ŚRÓDMIEŚCIE,"PRZEDSIĘBIORSTWO HANDLOWO-USŁUGOWE LECH LESZEK BĘTKOWSKI,HALINA BĘTKOWSKA SPÓŁKA JAWNA",2023-03-21
126,BULWAR CZERWIEŃSKI,dz. nr 81/5 obr. 146,STER EWA BIGOSZ - LASSOTA I PIOTR WIŚNIEWSKI SPÓŁKA JAWNA,2028-09-30
127,BULWAR CZERWIEŃSKI,działka nr 81/5,KRAKÓW FOR YOU SPÓŁKA Z O.O.,2023-05-29
128,BULWAR KURLANDZKI,DZ. 137/7 OBR. 12 ŚRÓDMIEŚCIE,KAPUSTA KRYSTIAN,2023-05-22
129,BULWAR KURLANDZKI,DZ. 137/9 OBR. 12 ŚRÓDMIEŚCIE,FORGUSTO SP. Z O.O. SP. K.,2023-06-02
130,BULWAR KURLANDZKI,dz. 172/7 obr. 15,KAPUSTA KRYSTIAN,2027-05-29
131,BULWAR KURLANDZKI,DZ. 94 OBR. S- 15 ŚRÓDMIEŚCIE,"TOMCZYK MAREK, SCHEJBAL BARTOSZ, RYDZEK RAFAŁ",2022-03-29
132,BULWAR WOŁYŃSKI,,STER EWA BIGOSZ - LASSOTA I PIOTR WIŚNIEWSKI SPÓŁKA JAWNA,2028-03-09
133,BULWAROWA,35A,HOTEL KRAKÓW EAST SPÓŁKA Z OGRANICZONĄ ODPOWIEDZIALNOŚCIĄ,2028-08-06
134,CECHOWA,100 A,BROWAR ANARCHIA SPÓŁKA Z OGRANICZONĄ ODPOWIEDZIALNOŚCIĄ,2022-05-20
135,CELNA,9,GM KRAFT SPÓŁKA Z OGRANICZONA ODPOWIEDZIALNOŚCIĄ,2022-05-18
136,CENTRALNA,41A,MOSZCZYŃSKI MARCIN,2027-04-03
137,CENTRALNA,41A,CUBE WALLS SPÓŁKA Z OGRANICZONĄ ODPOWIEDZIALNOŚCIĄ SPÓŁKA KOMANDYTOWA,2027-09-12
138,CENTRALNA,41B,DOMAGAŁA MICHAŁ,2029-03-24
139,CENTRALNA,53B,GÓRA ANNA,2023-01-06
140,CENTRUM B,7,STOWARZYSZENIE CENTRUM B7,2027-09-30
141,CENTRUM E,12,ŚWIĘTALSKA JADWIGA,2026-11-07
142,CENTRUM E,25,ŚLĘCZEK GRZEGORZ,2021-05-22
143,CHEŁMSKA,16,ROSPOND MONIKA,2023-05-29
144,CHMIELENIEC,2B lok. LU 1,NOSEK DAGMARA,2029-02-07
145,CHMIELENIEC,2B/LU11,WALCZAK JAN,2021-07-20
146,CHMIELNA,18A,SWOBODA JOANNA,2028-08-09
147,CHRISTO BOTEWA,6,NGUYEN THI VAN,2023-05-24
148,CIEMNA,15,JOLEN SP. Z O.O;.,2022-04-02
149,CISOWA,2,KOŁODZIEJCZYK RENATA,2028-09-09
150,CZARNOWIEJSKA,23,PIRS SPÓŁKA Z O. O.,2022-08-30
151,CZARNOWIEJSKA,38,"KMIECIK MARIUSZ, SUCHORA GRZEGORZ",2021-06-08
152,CZARNOWIEJSKA,55,TROCHA ZBIGNIEW,2022-07-07
153,CZARNOWIEJSKA,76,ŁUDZIK MARTA,2023-08-31
154,CZARNOWIEJSKA,97A,"ZAWADZKA JOANNA, ZAWADZKI ARTUR",2022-08-07
155,CZYSTA,3/2,"ZAJĄC SZYMON, FLORCZYK PAWEŁ",2025-08-20
156,CZYSTA,8/LU1,PLIUSHCH COMPANY SPÓŁKA Z OGRANICZONĄ ODPOWIEDZIALNOŚCIĄ,2028-05-21
157,CZYSTA,8/LU2,GRABOWSKA DOMINIKA,2023-08-02
158,DAJWÓR,3,ZAJĄC SZYMON,2023-10-31
159,DAJWÓR,18,KOWALSKA ALEKSANDRA,2028-11-30
160,DAJWÓR,19,KUBIACZYK MAGDALENA,2028-01-19
161,DAJWÓR,25,"KLECZYŃSKA JUSTYNA, PILARCZYK MACIEJ",2023-05-14
162,DAJWÓR,23/1,POCHOPIEŃ PRZEMYSŁAW,2023-04-11
163,DAJWÓR,10B,DE KIME CHRISTOPHER,2027-08-20
164,DAJWÓR,20/LU6,WINIARNIA SPÓŁKA Z O. O.,2023-01-14
165,DAJWÓR,25C,PASTERNAK DARIUSZ,2022-01-20
166,DANIELA CHODOWIECKIEGO,1,"NOWOSAD ELŻBIETA, BOBIKIEWICZ KATARZYNA, KRAWIEC PAWEŁ, KRAWIEC WIESŁAW",2027-07-08
167,DĄBSKA,5,EURO - HOTELE SPÓŁKA Z OGRANICZONĄ ODPOWIEDZIALNOŚCIĄ,2028-09-30
168,DĄBSKA,5,EURO-HOTELE SPÓŁKA Z OGRANICZONĄ ODPOWIEDZIALNOŚCIĄ,2028-09-03
169,DĄBSKA,18D/LU8,"DANIEC PAULINA, SACHA JAKUB",2023-03-21
170,DIETLA,55/1,DASOM SPÓŁKA Z O. O. SPÓŁKA KOMANDYTOWA,2023-02-28
171,DŁUGA,9,LEGENDZIEWICZ JACEK,2028-12-19
172,DŁUGA,31,ŁOPUSZKO JACEK,2028-09-25
173,DŁUGA,51,JANIK JAN,2023-05-24
174,DŁUGA,22/2B,HIEN NGUYEN,2023-02-19
175,DŁUGA,52/1U,PUB ART SPÓŁKA Z OGRANICZONĄ ODPOWIEDZIALNOŚCIĄ,2028-07-22
176,DŁUGA,69B/69C,PRUSAK GRZEGORZ,2027-04-30
177,DŁUGA,78-80,"ARTERY M. KURDZIEL, M. GAWLIK SPÓŁKA JAWNA",2026-10-24
178,DŁUGA,82/LU22,JARZYNA WIKTORIA,2027-09-15
179,DOBREGO PASTERZA,99,ŚWIADEK TOMASZ,2027-03-10
180,DOBREGO PASTERZA,124,HOTEL SWING SPÓŁKA Z OGRANICZONĄ ODPOWIEDZIALNOŚCIĄ,2028-12-22
181,DOBREGO PASTERZA,126,PARK WODNY W KRAKOWIE S.A.,2023-02-06
182,DOBREGO PASTERZA,128,MULTIKINO SPÓŁKA AKCYJNA,2021-05-03
183,DOBREGO PASTERZA,118G/U2,NOCOŃ AGNIESZKA,2025-11-04
184,DOBREGO PASTERZA,120 / LU7,NIVAN SPÓŁKA Z OGRANICZONĄ ODPOWIEDZIALNOŚCIĄ,2027-10-10
185,DOBREGO PASTERZA,120 / U4 i U5,MAGDZIARZ WOJCIECH,2027-10-10
186,DOBREGO PASTERZA,124A,TON THAT DONG,2023-06-05
187,DOLNYCH MŁYNÓW,9,LESICKI ŁABAJ CLASSIC ROCK CLUB SPÓŁKA Z OGRANICZONĄ ODPOWIEDZIALNOŚĆIĄ SPÓŁKA KOMANDYTOWA,2029-02-28
188,DOLNYCH MŁYNÓW,3/4,KIRSZ MARTA,2022-06-02
189,DOMINIKAŃSKA,1,LARIS SPÓŁKA Z OGRANICZONĄ ODPOWIEDZIALNOŚCIĄ,2028-09-10
190,DOMINIKAŃSKA,3,CULINARY GLOBAL CONCEPT SPÓŁKA Z OGRANICZONĄ ODPOWIEDZIALNOŚCIĄ SPÓŁKA KOMANDYTOWA,2029-03-31
191,DOMINIKAŃSKI,1,ATM SPÓŁKA ZO.O,2021-12-19
192,DR. JANA PILTZA,43/4,ROGOWSKI NORBERT,2023-08-12
193,DR. JÓZEFA BABIŃSKIEGO,2,NGUYEN SY NGOC,2028-06-07
194,DR. JÓZEFA BABIŃSKIEGO,54,AMREST SPÓŁKA Z OGRANICZONĄ ODPOWIEDZIALNOŚCIĄ,2027-12-12
195,DR. LUDWIKA ZAMENHOFA,14,INTERDOM A.KLECHA I WSPÓLNICY SPÓŁKA JAWNA,2027-04-17
196,DR. LUDWIKA ZAMENHOFA,6/1A,BUSZEK SPÓŁKA Z OGRANICZONĄ ODPOWIEDZIALNOŚCIĄ,2027-10-22
197,DWORCOWA,7,ZANFIROV VADYM,2022-08-10
198,DWORCOWA,5A,WRÓBEL KAMILA,2029-03-31
199,DYWIZJONU 303,31K,SZYMACHA MARIUSZ,2027-08-08
200,DYWIZJONU 303,56c/3U,RATAJ SEBASTIAN,2027-02-11
201,DYWIZJONU 303,58A,BERNATA WOJTANEK,2022-01-31
202,ELJASZA WALEREGO RADZIKOWSKIEGO,1,MADAME LAURA SPÓŁKA Z O. O.,2022-09-12
203,ELJASZA WALEREGO RADZIKOWSKIEGO,3,DAVISA GROUP SPÓŁKA Z OGRANICZONĄ ODPOWIEDZIALNOŚCIĄ,2028-08-25
204,ELJASZA WALEREGO RADZIKOWSKIEGO,109,WAWEL-IMOS INTERNATIONAL SPÓŁKA AKCYJNA,2024-06-24
205,ELJASZA WALEREGO RADZIKOWSKIEGO,142,RADZIKOWSKIEGO Q HOTEL SPÓŁKA Z OGRANICZONĄ ODPOWIEDZIALNOŚCIĄ SPÓŁKA JAWNA,2028-05-05
206,EMAUS,3,ZYGADŁO KATARZYNA,2028-03-04
207,EMAUS,28B,KONOPKA KRYSTYNA,2026-11-04
208,ERAZMA JERZMANOWSKIEGO,37,NGUYEN THI VAN,2027-08-10
209,ESTERY,1,SKWER D. JODŁOWSKI SPÓŁKA KOMANDYTOWA,2028-03-04
210,ESTERY,5,"ALCHEMIA WITYŃSKI, ŻAKOWSKI SPÓŁKA JAWNA",2023-02-28
211,ESTERY,6,BASTA INVEST GROUP SPÓŁKA Z OGRANICZONĄ ODPOWIEDZIALNOŚCIĄ,2028-09-17
212,ESTERY,10,KŁOS PAWEŁ,2028-09-29
213,ESTERY,12,STB GROUP SPÓŁKA Z OGRANICZONĄ ODPOWIEDZIALNOŚCIĄ,2027-11-20
214,ESTERY,16,ŻUKOWSKI DARIUSZ,2026-01-10
215,ESTERY,18,NOVA ADAM MELNYCZUK SPÓŁKA JAWNA,2028-12-31
216,ESTERY,14 lok. 1,C PROFIT 2ART SPÓŁKA Z OGRANICZONĄ ODPOWIEDZIALNOŚCIĄ SPÓŁKA KOMANDYTOWA,2029-03-22
217,ESTERY,14/A,WOŁEK ANDRZEJ,2027-03-31
218,FELICJANEK,10,DĘBSKA KALINA,2028-05-20
219,FELIKSA KONECZNEGO,4/11U,RADZISZEWSKI RAFAŁ,2022-07-03
220,FELIKSA KONECZNEGO,4/3U,GASTRO SUKCES SPÓŁKA Z OGRANICZONĄ ODPOWIEDZIALNOŚCIĄ,2027-12-08
221,FELIKSA KONECZNEGO,6/U18,RACHTAN-GROCHAL MAŁGORZATA,2026-12-04
222,FILARECKA,12/4,PTAK PRZEMYSŁW,2021-06-03
223,FLISACKA,3,"KOGUT MAGDALENA, BRYG MAREK, BRYG MARIA, BRYG WOJCIECH",2027-02-06
224,FLORIANA STRASZEWSKIEGO,2,MRÓZ WOJCIECH,2022-07-04
225,FLORIANA STRASZEWSKIEGO,12.0,HOTEL QUEEN SPÓŁKA Z OGRANICZONĄ ODPOWIEDZIALNOŚCIĄ SPÓŁKA KOMANDYTOWA,2027-09-11
226,FLORIANA STRASZEWSKIEGO,14.0,MIKULSKI MICHAŁ,2022-11-23
227,FLORIANA STRASZEWSKIEGO,27.0,PIRS SPÓŁKA Z O. O.,2021-11-19
228,FLORIANA STRASZEWSKIEGO,28.0,"TOMCZYK MAREK, MAZGAJ MATEUSZ, RYDZEK RAFAŁ",2023-11-17
229,FLORIAŃSKA,3.0,LUNZ JANUSZ,2026-03-03
230,FLORIAŃSKA,9.0,REST - KRAK GASTROX SPÓŁKA Z OGRANICZONA ODPOWIEDZIALNOSCIA SPÓŁKA KOMANDYTOWA,2027-06-05
231,FLORIAŃSKA,10.0,KĘKUŚ MAREK,2028-07-09
232,FLORIAŃSKA,11.0,VIDOJU SPÓŁKA Z OGRANICZONĄ ODPOWIEDZIALNOŚCIĄ SPÓŁKA KOMANDYTOWA,2027-01-31
233,FLORIAŃSKA,13.0,VIVA LA PINTA SPÓŁKA Z OGRANICZONĄ ODPOWIEDZIALNOŚCIĄ,2028-12-31
234,FLORIAŃSKA,14.0,HOLDING LIWA SPÓŁKA Z OGRANICZONA ODPOWIEDZIALNOSCIA,2027-03-13
235,FLORIAŃSKA,14.0,HOLDING LIWA SPÓŁKA Z OGRANICZONĄ ODPOWIEDZIALNOŚCIĄ,2029-03-18
236,FLORIAŃSKA,15.0,"DWORZAŃSKI PIOTR, KOZIELSKI WOJCIECH",2021-06-12
237,FLORIAŃSKA,15.0,PM MANAGEMENT SPÓŁKA Z OGRANICZONĄ ODPOWIEDZIALNOŚCIĄ SPÓŁKA KOMANDYTOWA,2023-09-04
238,FLORIAŃSKA,16.0,GARYCKI PAWEŁ,2028-02-09
239,FLORIAŃSKA,20.0,STAROPOLSKIE TRUNKI REGIONALNE SPÓŁKA Z OGRANICZONĄ ODPOWIEDZIALNOŚCIĄ,2023-04-10
240,FLORIAŃSKA,20.0,WĄSIK-DOUSA JOANNA,2027-12-18
241,FLORIAŃSKA,21.0,POLSKIE PIEROGI SPÓŁKA Z OGRANICZONĄ ODPOWIEDZIALNOŚCIĄ SPÓŁKA KOMANDYTOWA,2028-01-23
242,FLORIAŃSKA,24.0,PRO EXPLOR SPÓŁKA Z OGRANICZONĄ ODPOWIEDZIALNOŚCIĄ,2027-02-24
243,FLORIAŃSKA,24.0,ZEERA  SPÓŁKA Z OGRANICZONĄ ODPOWIEDZIALNOŚCIĄ,2028-11-30
244,FLORIAŃSKA,26.0,GRUZIŃSKIE CHACZAPURI SPÓŁKA Z O. O. SPÓŁKA KOMANDYTOWA,2023-01-14
245,FLORIAŃSKA,27.0,WARMUZ ŁUKASZ,2028-09-30
246,FLORIAŃSKA,28.0,DOBRY HOTEL SPÓŁKA Z OGRANICZONĄ ODPOWIEDZIALNOŚCIĄ SPÓŁKA KOMANDYTOWA,2022-09-05
247,FLORIAŃSKA,30.0,KOSTA SPÓŁKA Z OGRANICZONĄ ODPOWIEDZIALNOŚCIĄ,2023-09-03
248,FLORIAŃSKA,33.0,AMREST SPÓŁKA Z O. O.,2023-04-30
249,FLORIAŃSKA,33,SMAGACZ TOMASZ,2028-09-27
250,FLORIAŃSKA,34,MEX KRAKÓW SPÓŁKA Z O.O.,2022-07-16
251,FLORIAŃSKA,34,MEX K SPÓŁKA Z O.O.,2021-07-27
252,FLORIAŃSKA,38,"LALOWICZ MAŁGORZATA, DUTKIEWICZ MARIUSZ",2025-12-05
253,FLORIAŃSKA,39,"WIĘCEK PRZEMYSŁAW, WIĘCEK MICHAŁ",2027-11-06
254,FLORIAŃSKA,43,MAŁOPOLSKA PRYWATNA KOMUNIKACJA SAMOCHODOWA SPÓŁKA Z O. O.,2023-02-26
255,FLORIAŃSKA,45,KULIŚ STANISŁAW,2023-07-24
256,FLORIAŃSKA,47,SMAGACZ TOMASZ,2027-01-14
257,FLORIAŃSKA,47,"TOTA JAN, VOIGT ROBERT",2028-03-31
258,FLORIAŃSKA,53,"ZGÓRKIEWICZ KRZYSZTOF, WOŁKOUN MARCIN",2028-08-21
259,FORTECZNA,22,NATALIA SPÓŁKA Z O.O.,2022-02-06
260,FRANCISZKA HYNKA,59-60,NGUYEN VAN,2028-07-12
261,FRYDERYKA CHOPINA,33,SZYMAŃSKI ARTUR,2027-12-01
262,GAJOWA,16,"OSMAŃSKA MAŁGORZATA, STOKŁOSA ANNA, STOKŁOSA-CUCCINIELLO MARIA",2023-03-11
263,GALICYJSKA,9,SCC-SERVICE CONGRESS CENTER SPÓŁKA Z O. O. SPÓŁKA KOMANDYTOWA,2022-12-31
264,GALICYJSKA,1/LU7,WALCZAK JAN,2027-11-05
265,GARBARSKA,18 lok. 1,MARK PLUS EURODOM SPÓŁKA Z OGRANICZONA ODPOWIEDZIALNOSCIA SPÓŁKA KOMANDYTOWA,2027-04-17
266,GEN. ANTONIEGO JÓZEFA MADALIŃSKIEGO,15/9 i 10,SZOSTAK MONIKA,2021-12-31
267,GEN. AUGUSTA FIELDORFA-NILA,17/JU-14,MOŹDZIŃSKI PIOTR,2028-12-06
268,GEN. HENRYKA KAMIEŃSKIEGO,10,DZIAŁEK DANIEL,2023-06-30
269,GEN. HENRYKA KAMIEŃSKIEGO,11,KRASUSKA KATARZYNA,2027-11-19
270,GEN. HENRYKA KAMIEŃSKIEGO,11,"""DOMINIUM"" SPÓŁKA AKCYJNA",2026-12-30
271,GEN. HENRYKA KAMIEŃSKIEGO,11,AMERICAN TRADING COMPANY SPÓŁKA Z OGRANICZONA ODPOWIEDZIALNOSCIA,2027-02-13
272,GEN. HENRYKA KAMIEŃSKIEGO,11,DASOM SPÓŁKA Z O.O. SP. K.,2024-05-04
273,GEN. HENRYKA KAMIEŃSKIEGO,11,AMREST SPÓLKA Z OGRANICZONĄ ODPOWIEDZIALNOŚCIĄ,2028-02-06
274,GEN. JÓZEFA CHŁOPICKIEGO,3,SENDERSKA  DOMINIKA,2023-02-28
275,GEN. JÓZEFA DWERNICKIEGO,5,FILARSKI WOJCIECH,2027-04-03
276,GEN. LEOPOLDA OKULICKIEGO,61,AMREST SPÓŁKA Z OGRANICZONĄ ODPOWIEDZIALNOŚCIĄ,2028-02-29
277,GEN. ROMANA SOŁTYKA,19,BROSZKIEWICZ STANISŁAW,2028-09-21
278,GEN. STEFANA GROTA- ROWECKIEGO,9,MARDYŁA EWA,2022-12-31
279,GEN. STEFANA GROTA- ROWECKIEGO,37A,TRELA BEATA,2028-09-21
280,GEN. STEFANA GROTA- ROWECKIEGO,37C,THI VU,2022-03-27
281,GEN. TADEUSZA BORA- KOMOROWSKIEGO,39,"TRAN VAN MAGDALENA, ZALEJSKI WIESŁAW",2023-09-06
282,GEN. TADEUSZA BORA- KOMOROWSKIEGO,41,GRUPA CEZAR SPÓŁKA Z O. O. SPÓŁKA KOMANDYTOWA,2022-12-06
283,GEN. TADEUSZA BORA- KOMOROWSKIEGO,41,"SZAFRAŃSKA ALICJA, SZAFRAŃSKA KLAUDIA, KRAWIEC WIESŁAW",2022-11-22
284,GEN. TADEUSZA BORA- KOMOROWSKIEGO,41,BB ACTIVE INVEST SPÓŁKA Z O.O.,2022-10-16
285,GEN. TADEUSZA KOŚCIUSZKI,3,SZCZEPKOWICZ BOGUSŁAW,2028-03-16
286,GEN. TADEUSZA KOŚCIUSZKI,5,ORBIS S.A.,2022-03-17
287,GEN. TADEUSZA KOŚCIUSZKI,14,JOPEK WIESŁAW,2025-09-16
288,GEN. WITOLDA URBANOWICZA,10A,DELICIOSO SPÓŁKA Z OGRANICZONĄ ODPOWIEDZIALNOŚCIĄ SPÓŁKA KOMADYTOWA,2028-02-10
289,GĘSIA,22 A,LEGENDZIEWICZ JACEK,2021-05-25
290,GLINIK,73,GRUCHAŁA JOANNA,2029-03-09
291,GŁÓWNY,1,ARKADY B. MORDARSKI P. JARCZEWSKI SPÓŁKA JAWNA,2023-01-14
292,GŁÓWNY,6,SZARA RESTO-BAR SPÓŁKA Z O. O.,2025-08-31
293,GŁÓWNY,7,FIGA-2 ŁACHA I WSPÓLNICY SPÓŁKA JAWNA,2023-05-15
294,GŁÓWNY,9,DURBAS ANDRZEJ,2023-01-08
295,GŁÓWNY,10,FOLK MSHG SPÓŁKA Z OGRANICZONĄ ODPOWIEDZIALNOŚCIĄ,2024-12-15
296,GŁÓWNY,11,WATKINS ROBERT,2021-12-14
297,GŁÓWNY,14,LOŻA KRZYSZTOF NOWOSAD SPÓŁKA JAWNA,2022-08-07
298,GŁÓWNY,17,SZARA GĘŚ MSHG SPÓŁKA Z O.O.,2024-12-15
299,GŁÓWNY,18,BALMAR M. KAŁUGA SPÓŁKA JAWNA,2025-01-11
300,GŁÓWNY,22,RESTAURACJA SIOUX P. S. KARŁOWSCY SPÓŁKA JAWNA,2022-12-31
301,GŁÓWNY,27,CABARET SPÓŁKA Z O. O.,2023-02-15
302,GŁÓWNY,28,"ADAMCZYK JAKUB, WĘGLARZ MACIEJ",2022-11-07
303,GŁÓWNY,29,"ADAMCZYK JAKUB, WĘGLARZ MACIEJ",2023-03-09
304,GŁÓWNY,33,ŁYPACZEWSKA MONIKA,2022-06-16
305,GŁÓWNY,46,PIJALNIE CZEKOLADY SPÓŁKA Z O.O.,2025-08-08
306,GŁÓWNY,7/11,FIGA-2 ŁACHWA I WSPLNICY SPÓŁKA JAWNA,2021-06-21
307,GŁÓWNY,15-16,BONUS DEVELOPMENT SPÓŁKA Z OGRANICZONĄ ODPOWIEDZIALNOŚCIĄ SPÓŁKA KOMANDYTOWA,2021-08-31
308,GŁÓWNY,39-40,LOŻA KRZYSZTOF NOWOSAD SPÓŁKA JAWNA,2022-12-09
309,GOŁAŚKA,4,MICHALIK WANDA,2023-06-19
310,GOŁAŚKA,1A,"SZULC KAMIL, SZULC DARIUSZ",2021-10-06
311,GOŁĘBIA,2,YMY SPÓŁKA Z OGRANICZONĄ ODPOWIEDZIALNOŚCIĄ,2029-01-31
312,GOŁĘBIA,3,KOMIEROWSKI PAWEŁ,2023-06-06
313,GOŁĘBIA,4,LUCHETTA ŁODZIŃSKA MAGDALENA,2027-05-20
314,GOŁĘBIA,8,WŁODARCZYK-KAZUBOWSKA DOROTA,2027-09-30
315,GRODZKA,3,GRUZIŃSKIE CHACZAPURI SPÓŁKA Z O. O. SPÓŁKA KOMANDYTOWA,2023-01-14
316,GRODZKA,4,ATRIUM SPÓŁKA Z OGRANICZONĄ ODPOWIEDZIALNOŚCIĄ,2027-07-22
317,GRODZKA,5,"GALICJA SMAKU B. STRZELEC SPÓŁKA KOMANDYTOWA, .",2022-01-25
318,GRODZKA,6,REST - KRAK GASTROX SPÓŁKA Z O. O. SPÓŁKA KOMANDYTOWA,2021-07-12
319,GRODZKA,8,REST - KRAK GASTROX SPÓŁKA Z OGRANICZONA ODPOWIEDZIALNOSCIA SPÓŁKA KOMANDYTOWA,2026-10-24
320,GRODZKA,9,ZNISZCZOŁ ELŻBIETA,2029-03-31
321,GRODZKA,11,ANNA MARIA GRAPHIC PRODUCT SPÓŁKA Z OGRANICZONĄ ODPOWIEDZIALNOŚCIĄ,2023-08-12
322,GRODZKA,21,FUNDACJA ŚWIĘTEGO WŁODZIMIERZA CHRZCICIELA RUSI KIJOWSKIEJ W KRAKOWIE,2023-04-21
323,GRODZKA,31,ODESSA MAMA SPÓŁKA Z OGRANICZONĄ ODPOWIEDZIALNOŚCIĄ,2026-12-19
324,GRODZKA,32,JORDAN JAKUB,2028-06-09
325,GRODZKA,33,WIŚNIOWY SAD SPÓŁKA Z OGRANICZONĄ ODPOWIEDZIALNOŚCIĄ,2027-05-17
326,GRODZKA,34,REIZER AGNIESZKA,2022-09-30
327,GRODZKA,35,ŁODZIŃSKI JACEK,2022-01-18
328,GRODZKA,37,"KĘDZIOR ANNA, ZAMORSKA BARBARA",2023-05-23
329,GRODZKA,40,FOLKLOR KULINARNY TFMF INVESTMENT LP I WSPÓLNICY SP. J.,2021-05-16
330,GRODZKA,45,REGUŁA STANISŁAWA,2029-02-23
331,GRODZKA,48,PIZZATOPIA SPÓŁKA Z OGRANICZONĄ ODPOWIEDZIALNOŚCIĄ,2028-08-09
332,GRODZKA,51,OSTACHOWSKI ZBIGNIEW,2021-09-11
333,GRODZKA,51,PROSECCO OYSTERS BAR SPÓŁKA Z OGRANICZONĄ ODPOWIEDZIALNOŚCIĄ,2028-09-24
334,GRODZKA,63,FIORENTINA MSHG SPÓŁKA Z O.O.,2025-01-09
335,GRODZKA,65,KAWIARNIA SANTOS BEDNARCZYK SPÓŁKA JAWNA,2021-06-16
336,GRODZKA,39/LU1,ENOTEKA PERGAMIN SPÓŁKA Z O.O. SPÓŁKA KOMANDYTOWO - AKCYJNA,2024-07-07
337,GRODZKA,4 /piwnice/,INVESTOR COMPANY SPÓŁKA Z OGRANICZONĄ ODPOWIEDZIALNOŚCIĄ SPÓŁKA KOMANDYTOWA,2028-10-29
338,GRODZKA,63/hotel,BALTHAZAR HOTEL SPÓŁKA Z OGRANICZONĄ ODPOWIEDZIALNOŚCIĄ SPÓŁKA KOMANDYTOWA,2026-12-21
339,GROMADZKA,22C,WIDACKA JADWIGA,2027-05-04
340,GROMADZKA,53A,BUGLINO ALESSIO,2022-09-07
341,GRZEGÓRZECKA,63,"JANIA DAWID, RUSIN MICHAŁ",2022-02-26
342,GRZEGÓRZECKA,69,QUOC PHONG LE,2028-11-09
343,GRZEGÓRZECKA,71,MASTERS CATERING SPÓŁKA Z O.O.,2021-06-14
344,GRZEGÓRZECKA,74,DURCZAK URSZULA,2023-06-10
345,GRZEGÓRZECKA,29 lok. 4,KALICIAK PIOTR,2026-08-01
346,HALICKA,14A,PURO HOTEL KAZIMIERZ SPÓŁKA Z OGRANICZONĄ ODPOWIEDZIALNOŚCIĄ,2023-07-04
347,HENRYKA KAMIEŃSKIEGO,11,"""AMREST"" SPÓŁKA Z OGRANICZONĄ ODPOWIEDZIALNOŚCIĄ",2027-08-28
348,HENRYKA KAMIEŃSKIEGO,11,CINEMA CITY POLAND SPÓŁKA Z OGRANICZONĄ ODPOWIEDZIALNOŚCIĄ,2027-12-18
349,HENRYKA PACHOŃSKIEGO,8A,MACIUSZEK RENATA,2027-03-25
350,HENRYKA SIENKIEWICZA,27,GMD PROPERTIES SPÓŁKA Z O.O.  SPÓŁKA KOMANDYTOWA,2023-09-23
351,HETMANA ŻÓŁKIEWSKIEGO,26/3,BEREZA PAWEŁ,2023-02-03
352,IGNACEGO KRASICKIEGO,18,BALICKI BOGDAN,2022-02-09
353,IZAAKA,1,WRÓBEL GRZEGORZ,2029-01-31
354,IZAAKA,3,KORSAK WITOLD,2023-12-31
355,IZAAKA,7,CZYŻOWSKI ARTUR,2027-12-18
356,IZAAKA,1/1,BOGUSZEWICZ JAROSŁAW,2022-02-25
357,JABŁONOWSKICH,10/12,BUDA SPÓŁKA Z OGRANICZONĄ ODPOWIEDZIALNOŚCIĄ,2027-03-09
358,JAGIELLOŃSKA,2,REMO SPÓŁKA Z OGRANICZONĄ ODPOWIEDZIALNOŚCIĄ SPÓŁKA JAWNA,2028-05-28
359,JAGIELLOŃSKA,8,SEMECZKO ANTON,2027-11-14
360,JAGIELLOŃSKA,10,FOCA EVENTS SPÓLKA Z OGRANICZONĄ ODPOWIEDZIALNOŚCIĄ SPÓŁKA KOMANDYTOWA,2028-06-30
361,JAGIELLOŃSKA,10,SENOR EVENTS SPÓŁKA Z OGRANICZONĄ ODPOWIEDZIALNOŚCIĄ SPÓŁKA KOMANDYTOWA,2028-05-20
362,JAGIELLOŃSKA,11,BANAŚ BARTŁOMIEJ,2027-03-07
363,JAGIELLOŃSKA,12,JONASZ SPÓŁKA Z OGRANICZONA ODPOWIEDZIALNOSCIA,2027-08-08
364,JAGIELLOŃSKA,15,MRUGALSKA MONIKA,2023-08-12
365,JAGIELLOŃSKA,6/6A,PNB INTERACTIVE SPÓŁKA Z OGRANICZONĄ ODPOWIEDZIALNOŚCIĄ SPÓŁKA KOMANDYTOWA,2023-08-09
366,JAKUBA MAJORA,5A/1,SZAREK MARIUSZ,2028-01-23
367,JANA BUSZKA,4,JASICZEK EWA,2028-10-12
368,JANA DEKERTA,21,FAME SPORT SPÓŁKA Z O.O.SPÓŁKA KOMANDYTOWA,2022-10-19
369,JANA DEKERTA,24,RISE.PL KRK4 SPÓŁKA Z OGRANICZONĄ ODPOWIEDZIALNOŚCIĄ,2028-02-01
370,JANA MATEJKI,3,JASZCZYK ANETA,2022-03-14
371,JANA MATEJKI,5,WALCZYK ELŻBIETA,2022-02-16
372,JANA PAWŁA II,232,FUNDACJA PARTNERSTWO DLA SRODOWISKA W RESTRUKTURYZACJI,2027-07-04
373,JANA PIETRUSIŃSKIEGO,12,"WRÓBLEWSKA JOANNA, BOGACKA MAŁGORZATA",2028-06-08
374,JANUSZA MEISSNERA,19,NOSEK ROBERT,2028-01-16
375,JERZEGO SMOLEŃSKIEGO,110,DYKA BARBARA,2027-08-14
376,JERZEGO WASZYNGTONA,1,KUSEK DARIUSZ,2022-09-21
377,JERZEGO WASZYNGTONA,1,"MIKURDA BARBARA, CHECHELSKI ADAM",2027-06-17
378,JODŁOWA,13,ZR HOTELE SPÓŁKA Z O.O. KRAKÓW SPÓŁKA KOMANDYTOWA,2026-05-26
379,JONATANA WARSZAUERA,3,GUZDA JAROSŁAW,2022-12-20
380,JONATANA WARSZAUERA,1/1,RZEPECKA MAGDALENA,2021-07-01
381,JOSEPHA CONRADA,29,HOTEL CONRAD SPÓŁKA Z OGRANICZONĄ ODPOWIEDZIALNOŚCIĄ,2028-03-14
382,JOSEPHA CONRADA,66,IKEA RETAIL SPÓŁKA Z O. O.,2022-08-18
383,JOSEPHA CONRADA,83,AMREST SPÓŁKA Z O.O.,2021-05-11
384,JOSEPHA CONRADA,29A,BIUROWIEC CONRAD SPÓŁKA Z OGRANICZONA ODPOWIEDZIALNOŚCIĄ,2028-11-10
385,JÓZEFA,2,JACYNA PIOTR,2026-10-26
386,JÓZEFA,6,1ST FLOOR SPÓŁKA Z OGRANICZONA ODPOWIEDZIALNOSCIA,2027-04-24
387,JÓZEFA,8,ŁUCZYŃSKA AGNIESZKA,2023-11-19
388,JÓZEFA,9,ZIELIŃSKI ZBIGNIEW,2022-11-03
389,JÓZEFA,11,PERETS VITALII,2027-06-06
390,JÓZEFA,11,RÓG MICHAŁ,2028-01-22
391,JÓZEFA,14,RESTAURACJA STARKA SPÓŁKA Z OGRANICZONĄ ODPOWIEDZIALNOŚCIĄ,2026-12-04
392,JÓZEFA,16,ROMAŃSKI WOJCIECH,2021-11-09
393,JÓZEFA,17,KOLANKO NO 6 B. ZIARKOWSKA SPÓŁKA JAWNA,2023-01-14
394,JÓZEFA,17,"KALBARCZYK REMIGIUSZ, KALBARCZYK WANDA",2028-01-20
395,JÓZEFA,20,EUROCOOK SPÓŁKA Z OGRANICZONĄ ODPOWIEDZIALNOŚCIĄ,2025-03-26
396,JÓZEFA,24,HOTEL DEVELOPMENT GROUP SPÓŁKA Z O.O.,2022-06-26
397,JÓZEFA,26,"KUCHNIA WŁOSKA BEATA SEWERYN, ŁUKASZ PRZYBYLSKI SPÓŁKA JAWNA, .",2025-05-20
398,JÓZEFA,26,VARIOS ADAM MELNYCZUK SPÓŁKA JAWNA,2028-02-28
399,JÓZEFA,30,NOLOGO SPÓŁKA Z OGRANICZONA ODPOWIEDZIALNOSCIA,2027-04-10
400,JÓZEFA,30,NOLOGO SPÓŁKA Z OGRANICZONĄ ODPOWIEDZIALNOŚCIĄ,2023-05-04
401,JÓZEFA,34,"KASZUBA MARIUSZ, SKUZA-KASZUBA ALEKSANDRA",2021-05-17
402,JÓZEFA,34,VIDOJU SPÓŁKA Z O.O. SPÓŁKA KOMANDYTOWA,2021-10-31
403,JÓZEFA,40,2OKNA BUDZIŁO I RUDEK SPÓŁKA JAWNA,2021-08-09
404,JÓZEFA,12 lok. 1-2,"STUDNICKI KRZYSZTOF, STUDNICKI WOJCIECH",2025-03-12
405,JÓZEFA,"6/2U, 3U","SAŁAPA PAWEŁ, TOCZEK ROBERT",2021-11-14
406,JÓZEFA DIETLA,1,T.E.A. TIME SPÓŁKA Z OGRANICZONA ODPOWIEDZIALNOSCIA,2027-03-26
407,JÓZEFA DIETLA,33,RUCHY GEORGIA SPÓŁKA Z OGRANICZONA ODPOWIEDZIALNOSCIA,2027-02-14
408,JÓZEFA DIETLA,49,BATRUCH ANDRZEJ,2027-07-29
409,JÓZEFA DIETLA,49,"KORSAK-PRZYBOŚ ŁUCJA, KORSAK WITOLD",2025-03-02
410,JÓZEFA DIETLA,50,HOOKAH POLAND SPÓŁKA Z OGRANICZONĄ ODPOWIEDZILANOŚCIĄ,2028-07-21
411,JÓZEFA DIETLA,60,"HOSPITALITY INVESTMENTS SPÓŁKA Z OGRANICZONĄ ODPOWIEDZIALNOŚCIĄ SPÓŁKA KOMANDYTOWA, .",2021-06-21
412,JÓZEFA DIETLA,64,MARCHWIŃSKI JANUSZ,2027-10-03
413,JÓZEFA DIETLA,75,STRZEBOŃSKA ANNA,2026-12-31
414,JÓZEFA DIETLA,85,PRESTIGE COMPANY SPÓŁKA Z O.O.,2021-07-30
415,JÓZEFA DIETLA,113,POLISH HOSPITALITY GROUP SPÓŁKA Z OGRANICZONĄ ODPOWIEDZIALNOŚCIĄ SPÓŁKA KOMANDYTOWA,2027-04-16
416,JÓZEFA DIETLA,58/6,SH&H SP. Z O.O. SP. K.,2023-08-17
417,JÓZEFA DIETLA,69/1,CLOUDS  SPÓŁKA Z O.O.,2021-12-04
418,JÓZEFA DIETLA,75/3,"ZAWISTOWSKA KAZIMIERA, MARZECKI TOMASZ",2028-06-30
419,JÓZEFA DIETLA,45/47 lok. 5,GRABOWSKA DOMINIKA,2027-04-01
420,JÓZEFA DIETLA,46 lok. 3,"KHOLOO MANZOOR, CHOHAN SINGH SUKHBIR",2021-11-09
421,JÓZEFA DIETLA,46A,POTOCKA MAŁGORZATA,2021-08-04
422,JÓZEFA DIETLA,97/5A,"WOJDYŁO JAKUB, RYBARZ KAZIMIERZ",2027-12-18
423,JÓZEFA IGNACEGO KRASZEWSKIEGO,36,TYBUSZEWSKI EDWARD,2028-02-04
424,JÓZEFA KAŁUŻY,1/3,MISKO SPÓŁKA Z OGRANICZONĄ ODPOWIEDZIALNOŚCIĄ SPÓŁKA KOMANDYTOWA,2028-10-18
425,JÓZEFA MACKIEWICZA,1,MAGDZIARZ JAN,2023-08-09
426,JÓZEFA MACKIEWICZA,14B,NEW WORLD JOINT-VENTURE SP. Z O.O.,2022-03-15
427,JÓZEFA ROSTAFIŃSKIEGO,4,FUNDACJA STUDENTÓW I ABSOLWENTÓ AGH W KRAKOWIE ACADEMICA,2021-09-27
428,JÓZEFA ROSTAFIŃSKIEGO,10,FUNDACJA STUDENTÓW I ABSOLWENTÓW AKADEMII AGH W KRAKOWIE ACADEMICA,2021-09-10
429,JÓZEFA ROSTAFIŃSKIEGO,10,FUNDACJA STUDENTÓW I ABSOLWENTÓW AKADEMII GÓRNICZO - HUTNICZEJ W KRAKOWIE ACADEMICA,2021-12-31
430,JÓZEFA STRUSIA,1A,"TRAN VAN MAGDALENA, ZALEJSKI WIESŁAW",2027-04-03
431,JÓZEFA SZUJSKIEGO,4,GRAND ASCOT WRZECIONEK SPÓŁKA JAWNA,2027-04-29
432,JÓZEFA SZUJSKIEGO,5,BIURO TURYSTYKI ZWIĄZKU NAUCZYCIELSTWA POLSKIEGO LOGOSTOUR SPÓŁKA Z OGRANICZONĄ ODPOWIEDZIALNOŚCIĄ,2028-12-31
433,JÓZEFA SZUJSKIEGO,1/1,MIĘTA RESTOBAR PLATINIUM ONE SPÓŁKA Z OGRANICZONĄ ODPOWIEDZIALNOŚCIĄ SPÓŁKA JAWNA,2027-12-31
434,JÓZEFA WYBICKIEGO,54,RODZINNE RESTAURACJE GÓRZYŃSKA SPÓŁKA JAWNA,2022-06-21
435,JÓZEFA WYBICKIEGO,3A,ZAKŁAD DOSKONALENIA ZAWODOWEGO,2028-02-16
436,JÓZEFIŃSKA,2,ZAKŁADKA SPÓŁKA Z O.O.,2023-01-27
437,JÓZEFIŃSKA,4/2,TASTE & BEAUTY SPÓŁKA Z OGRANICZONĄ ODPOWIEDZIALNOŚCIĄ,2029-04-05
438,JÓZEFIŃSKA,4/4 i 5,BOOGIE SPÓŁKA Z OGRANICZONĄ ODPOWIEDZIALNOŚCIĄ,2023-09-04
439,JÓZEFITÓW,8,WINE GARAGE SPÓŁKA Z OGRANICZONĄ ODPOWIEDZIALNOŚCIĄ SPÓŁKA KOMANDYTOWA,2027-09-26
440,JÓZEFITÓW,11/3,TECHNITRA SPÓŁKA Z O.O.,2023-05-14
441,JUGOWICKA,10C,LABORATORIUM KOSMETYKÓW NATURALNYCH FARMONA SPÓŁKA Z OGRANICZONĄ ODPOWIEDZIALNOŚCIĄ,2023-11-09
442,JULIANA TUWIMA,21 A,KUĆ STANISŁAW,2021-05-30
443,JULIUSZA KOSSAKA,1,OSTACHOWSKI ZBIGNIEW,2021-09-11
444,JULIUSZA LEA,34,ZALEJSKI WIESŁAW,2021-11-30
445,JULIUSZA LEA,110/1,SCC - SERVICES CONGRESS SPÓŁKA Z O.O. SPÓKA KOMANDYTOWA,2021-04-24
446,JULIUSZA LEA,16A/102,REST KOŁODZIEJCZYK MIKOŁAJCZYK SPÓŁKA JAWNA,2028-10-29
447,JULIUSZA LEA,90A,OBRĘBSKA ALINA,2022-07-25
448,JUTRZENKA,36,BIERNACIK DOROTA,2022-01-05
449,KALINOWE,4,WISZNIEWSKA JOANNA,2021-08-31
450,KALWARYJSKA,25,PHAM VAN,2027-06-20
451,KALWARYJSKA,32,GRYCH TOMASZ,2021-07-06
452,KALWARYJSKA,60/1,SKOWRONEK TATIANA,2022-03-06
453,KALWARYJSKA,9-15,CASINO SPÓŁKA Z O.O.,2023-06-13
454,KALWARYJSKA,26 LOK. II I IV,RAKHMATULLINA OLENA,2023-09-13
455,KAMIENNA,17,POLPUB SPÓŁKA Z O.O.,2022-09-06
456,KAMIENNA,2-4,FORTY-FORTY SPÓŁKA JAWNA,2022-05-11
457,KANONICZA,7,FOLK MSHG SPÓŁKA Z OGRANICZONĄ ODPOWIEDZIALNOŚCIĄ,2024-12-15
458,KANONICZA,11,HUS PRZEMYSŁAW,2028-09-16
459,KANONICZA,15,POLISH HOSPITALITY GROUP SPÓŁKA Z OGRANICZONĄ ODPOWIEDZIALNOŚCIĄ SPÓŁKA KOMANDYTOWA,2026-03-04
460,KANONICZA,16,HOLDING LIWA SPÓŁKA Z OGRANICZONA ODPOWIEDZIALNOSCIA,2027-03-13
461,KANONICZA,22,LITWIN STANISŁAW,2027-05-13
462,KAPELANKA,54,MAXIPIZZA SPÓŁKA AKCYJNA,2028-11-25
463,KAPELANKA,15 A,"THI BI NGUYEN, ANH KHOI PHAM",2021-06-08
464,KAPELANKA,15J,PANORAMA KRAKÓW SPÓŁKA Z OGRANICZONĄ ODPOWIEDZIALNOŚCIĄ,2027-10-02
465,KARMELICKA,7,MASTER FOOD POLAND SPÓŁKA Z OGRANICZONĄ ODPOWIEDZIALNOŚCIĄ,2028-10-22
466,KARMELICKA,9,"MIKITA IWONA, SAWCZYN KATARZYNA",2023-09-30
467,KARMELICKA,10,TI AMO TI SPÓŁKA Z OGRANICZONA ODPOWIEDZIALNOSCIA,2027-05-09
468,KARMELICKA,10,"ORŁOWSKA-ZAJĄC LIDIA, ZAJĄC WIESŁAW",2027-02-11
469,KARMELICKA,14,FRIENDS COFFEE - R.J.FRONC R. CHRZĄSZCZ SP. J.,2023-11-29
470,KARMELICKA,15,DABI FILIP I STANISŁAW HELLSTEIN SPÓŁKA JAWNA,2028-08-16
471,KARMELICKA,17,"WASZKIEWICZ STANISŁAWA, WASZKIEWICZ ADAM",2022-05-10
472,KARMELICKA,27,KOZIOŁEK BENJAMIN,2028-08-16
473,KARMELICKA,29,"SIEMBAK WIESŁAWA, SIEMBAK RYSZARD",2023-05-09
474,KARMELICKA,36,"STEFAŃSKA ANNA, PIWOWARSKA MONIKA",2026-12-31
475,KARMELICKA,40,M&F PARTNERS SPÓŁKA Z OGRANICZONĄ ODPOWIEDZIALNOŚCIĄ,2028-03-05
476,KARMELICKA,3/3,THANKYOUVERYDUTCH SPÓŁKA Z OGRANICZONĄ ODPOWIEDZIALNOŚCIĄ,2025-09-13
477,KARMELICKA,43A/1,ZNISZCZOŁ ELŻBIETA,2027-08-08
478,KARMELICKA,51/2A,TOMERA TERESA,2022-09-05
479,KARMELICKA,68A,KWAŚNICA ROBERT,2023-04-26
480,KAROLA BUNSCHA,18,GOOD FUN MENAGEMENT SPÓŁKA Z OGRANICZONĄ ODPOWIEDZIALNOŚCIĄ,2028-07-08
481,KAROLA BUNSCHA,73B,ŁEMKOWSKI GAR SPÓŁKA Z O. O.,2022-09-14
482,KAROLA SZYMANOWSKIEGO,15,"HUĆKO MARIUSZ, ORŁOWSKI TOMASZ",2023-09-03
483,KARPACKA,2B,TOKARZ ZBIGNIEW,2028-07-04
484,KAWIORY,8,DANUTA STASZEL,2027-12-03
485,KAWIORY,26,PRZEWOŹNIK GRAŻYNA,2027-05-17
486,KAZIMIERZA BRODZIŃSKIEGO,3,AGENCJA PROMOCJI MIAST I REGIONÓW SPÓŁKA Z O.O.,2023-06-19
487,KAZIMIERZA BRODZIŃSKIEGO,3,HOANG THI,2023-06-06
488,KAZIMIERZA BRODZIŃSKIEGO,3,SYRYTCZYK JERZY,2028-09-08
489,KAZIMIERZA BRODZIŃSKIEGO,6,GRANIT COFFEE SPÓŁKA Z OGRANICZONA ODPOWIEDZIALNOŚCIĄ,2028-03-03
490,KAZIMIERZA BRODZIŃSKIEGO,8,FIRSOWICZ JOANNA,2023-10-10
491,KAZIMIERZA BRODZIŃSKIEGO,2/U1,VU MINH,2027-06-06
492,KAZIMIERZA BRODZIŃSKIEGO,4/44,BONJOUR CAVA M. LEJKOWSKA SPÓŁKA JAWNA,2023-02-09
493,KAZIMIERZA BRODZIŃSKIEGO,4/LU 1,SUROWIEC DAMIAN,2022-02-05
494,KAZIMIERZA BRODZIŃSKIEGO,4/U2,GAWRYLUK MIROSŁAW,2022-11-08
495,KAZIMIERZA CHAŁUPNIKA,16,"SUROWIEC TOMASZ, SUROWIEC JANUSZ",2028-06-22
496,KAZIMIERZA WIELKIEGO,105,WILLA FRYDERYKA SPÓŁKA Z OGRANICZONĄ ODPOWIEDZIALNOŚCIĄ SPÓŁKA KOMANDYTOWA,2023-07-08
497,KAZIMIERZA WIELKIEGO,117,FRYTEKNIEMA SPÓŁKA Z OGRANICZONA ODPOWIEDZIALNOSCIA,2027-01-10
498,KAZIMIERZA WYKI,10A,GASTRONOMIA WYKI SPÓŁKA Z OGRANICZONĄ ODPOWIEDZIALNOŚCIĄ,2026-08-13
499,KĄCIK,6,MIŁO SPÓŁKA Z OGRANICZONĄ ODPOWIEDZILANOŚCIĄ,2027-12-31
500,KIJANKI,2,NARA SPÓŁKA Z O.O. SPÓŁKA KOMANDYTOWA,2021-06-08
501,KIJOWSKA,40/1,KOWALSKA MAGDALENA,2022-01-16
502,KOBIERZYŃSKA,47,SYMPOZJUM SPÓŁKA Z OGRANICZONA ODPOWIEDZIALNOSCIA,2027-02-12
503,KOBIERZYŃSKA,142,SITKO ANNA,2027-02-21
504,KOBIERZYŃSKA,175,"ŁAPTAŚ MAGDALENA, SWAJDO PAWEŁ",2027-06-03
505,KOBIERZYŃSKA,142 A/1,"WADOWSKA MARTA, WADOWSKI MATEUSZ",2027-06-06
506,KOCMYRZOWSKA,43,KUCHARSKI KAROL,2023-07-09
507,KOCMYRZOWSKA,22 dz. 27/10,TOMAJA MARCELINA,2028-05-28
508,KOLETEK,11,BLUEPRINT SPÓŁKA Z O. O.,2022-09-11
509,KOLISTA,12,ZALECH GRZEGORZ,2027-02-13
510,KOLNA,2,KRAKOWSKI KLUB KAJAKOWY,2023-04-17
511,KOLNA,dz. 370 obr. 2,STĘPNIEWSKI PAWEŁ,2027-04-19
512,KONFEDERACKA,4,SENIK-DEMENTIEVA SPÓŁKA JAWNA,2028-09-15
513,KONFEDERACKA,4,KADORO SPÓLKA Z OGRANICZONĄ ODPOWIEDZIALNOŚCIĄ,2028-02-07
514,KORDIANA,19,LEDWOS PRZEMYSŁAW,2027-02-28
515,KORNELA MAKUSZYŃSKIEGO,2,PIKOR BARTŁOMIEJ,2023-08-04
516,KOSOCICKA,105A,SKÓRKA KATARZYNA,2028-03-09
517,KOSYNIERÓW,5,MAJEWSKI JAN,2022-08-08
518,KOSYNIERÓW,15 B/5,BETA CORP 2 ART SPÓŁKA Z OGRANICZONĄ ODPOWIEDZIALNOŚCIĄ SPÓŁKA KOMANDYTOWA,2022-02-19
519,KOZIA,22,JAO SPÓŁKA Z O.O.,2022-03-22
520,KRAKOWSKA,20,KACZMARCZYK OLIWIA,2026-10-24
521,KRAKOWSKA,27,"NOLIO CZEPIEC - GOLAŃSKA, GOSTYLLA SPÓŁKA JAWNA",2026-01-14
522,KRAKOWSKA,28,HTI SPÓŁKA Z O.O.,2021-06-23
523,KRAKOWSKA,29,MALEC-THORBURN JOLANTA,2028-09-17
524,KRAKOWSKA,30,DADA COMMUNICATION SPÓŁKA Z O.O.,2021-11-30
525,KRAKOWSKA,35,BONJOUR CAVA M.LEJKOWSKA SPÓŁKA JAWNA,2029-04-03
526,KRAKOWSKA,41,MARCHWIŃSKI JANUSZ,2021-12-29
527,KRAKOWSKA,5/U25,CLUB CABARET SPÓŁKA Z OGRANICZONĄ ODPOWIEDZIALNOŚCIĄ,2028-01-17
528,KRAŃCOWA,9,FERT KATARZYNA,2027-09-12
529,KROWODERSKA,9,DUDEK PIOTR,2022-05-09
530,KROWODERSKA,31,LORF POLAND SPÓŁKA Z OGRANICZONĄ ODPOWIEDZIALNOŚCIĄ,2028-07-19
531,KROWODERSKA,71,SKRZESZEWSKI MARCIN,2021-12-31
532,KROWODERSKA,48/01,BARAN AURELIA,2028-10-12
533,KROWODERSKA,21 lok. 2,MOZGAŁA ŁUKASZ,2021-11-15
534,KROWODERSKA,39/1A,SCHUTTERLY MACIEJ,2028-03-11
535,KROWODERSKICH ZUCHÓW,21,AMREST SPÓŁKA Z OGRANICZONĄ ODPOWIEDZIALNOŚCIĄ,2028-03-01
536,KROWODERSKICH ZUCHÓW,24/66,KOZŁOWSKA MONIKA,2022-01-23
537,KRÓLEWSKA,84,WOLAŃSKI MARIUSZ,2027-03-15
538,KRÓLEWSKA,88,"TABAK AGATA, KOTALA JERZY",2025-09-18
539,KRÓLOWEJ JADWIGI,4,BUDWEIL FILIP,2022-09-30
540,KRÓLOWEJ JADWIGI,184,CINQUE DANTE,2022-09-19
541,KRÓLOWEJ JADWIGI,220,PROJEKT STRZELNICA M. BRĄGIEL R. ZIELIŃSKI SPÓŁKA JAWNA,2023-09-07
542,KRÓLOWEJ JADWIGI,223,SUSZKO WACŁAW,2029-05-15
543,KRÓLOWEJ JADWIGI,248,CZEKAJ - GROCHOWSKA JUSTYNA,2023-02-28
544,KRÓLOWEJ JADWIGI,230A,NAWITO SPÓŁKA Z OGRANICZONĄ ODPOWIEDZIALNOŚCIĄ SPÓŁKA KOMANDYTOWA,2023-09-19
545,KRÓLOWEJ JADWIGI,252A,"KOSAŁA DANIEL, KRAWCZYK TOMASZ",2027-09-10
546,KRUPNICZA,3,SISSI 1 SPÓŁKA Z OGRANICZONĄ ODPOWIEDZIALNOŚCIĄ,2028-10-08
547,KRUPNICZA,6,NOWINA KONOPKA IWO,2023-04-14
548,KRUPNICZA,6,COBOB SPÓŁKA Z OGRANICZONĄ ODPOWIEDZIALNOŚCIĄ,2028-09-16
549,KRUPNICZA,14,FLOMARO SPÓŁKA Z OGRANICZONĄ ODPOWIEDZIALNOŚCIĄ,2023-09-23
550,KRUPNICZA,20,"DYNIA CAFE BAR KLIMEK, ŁODZIŃSKI SPÓŁKA JAWNA",2023-07-07
551,KRUPNICZA,22,MOHAMAD ALI HANKI,2028-12-31
552,KRUPNICZA,26,DYNIA CAFE BAR KLIMEK ŁODZIŃSKI SPÓŁKA JAWNA,2026-06-13
553,KRUPNICZA,12/U4,ANH DINH TRUONG,2023-11-20
554,KRZYWA,7,ATRIUM - HOTEL SZEWCZYKOWIE I WSPÓLNICY SPÓŁKA JAWNA,2028-02-03
555,KS. FERDYNANDA MACHAYA,1,TIDONA GIORGIO,2022-03-05
556,KS. JÓZEFA MEIERA,26,"ŁOBOS NATALIA, LEWICKI BARTOSZ",2028-02-09
557,KSIĘCIA JÓZEFA,71,BUDYN WIESŁAW,2027-04-21
558,KSIĘCIA JÓZEFA,91,"KUMALA MAŁGORZATA, KUMALA KRZYSZTOF",2021-06-07
559,KSIĘCIA JÓZEFA,120,HUMENIUK MAGDALENA,2022-05-23
560,KSIĘCIA JÓZEFA,24A,PRZEDSIĘBIORSTWO RAMATECH SPÓŁKA Z OGRANICZONĄ ODPOWIEDZIALNOŚCIĄ,2027-12-01
561,KUPA,6,KOVALENKO VLADYSLAV,2028-08-09
562,KUPA,7,PERFECT HOTELS SPÓŁKA Z O. O.,2027-01-10
563,KUPA,15,SZYMAŃSKI ŁUKASZ,2027-06-02
564,KUPA,12/1,TAIYO SPÓŁKA Z O.O.,2022-07-23
565,KURNIKI,6/1,KRYPLA JADWIGA,2029-04-05
566,KURNIKI,3/-1,SROKA MATEUSZ,2023-09-16
567,LEGIONÓW JÓZEFA PIŁSUDSKIEGO,17,VENEZIA SPÓŁKA Z OGRANICZONĄ ODPOWIEDZIALNOŚCIĄ,2023-09-05
568,LEGIONÓW JÓZEFA PIŁSUDSKIEGO,17,LARIS SPÓŁKA Z OGRANICZONĄ ODPOWIEDZIALNOŚCIĄ,2028-09-10
569,LEGNICKA,3,"FIRMA HANDLOWA EWA WĄCŁAWSKA MAREK WĄCŁAWSKI SPÓŁKA JAWNA, .",2025-07-31
570,LEONA PETRAŻYCKIEGO,27,WILCZYŃSKA ANNA,2027-09-10
571,LEONIDA TELIGI,27,"PYRCZAK ANETA, PYRCZAK PAWEŁ",2022-05-21
572,LEONIDA TELIGI,34,GUDOWSKA OLGA,2022-08-08
573,LEONIDA TELIGI,37,SIWY JÓZEF,2028-06-11
574,LIPOWA,3,ZACHARA MONIKA,2027-06-17
575,LIPOWA,4A,707 RESTAURANTS SPÓŁKA Z OGRANICZONĄ ODPOWIEDZIALNOŚCIĄ SPÓŁKA KOMANDYTOWA,2022-11-21
576,LIPOWA,4D,PROWALSKI MARCIN,2028-07-22
577,LIPOWA,4H,"MOCAK CAFE WITYŃSKI, ŻAKOWSKI SPÓŁKA JAWNA",2028-05-20
578,LIPOWA,6H,"SIEWIOREK AGNIESZKA, JAROSZ JANUSZ",2028-06-09
579,LIPSKA,51,PATEJ KLAUDIA,2027-06-18
580,LITEWSKA,13,KACZMAREK PIOTR,2028-10-08
581,LUBELSKA,16-18/LU7,AVEREX SPÓŁKA Z OGRANICZONĄ ODPOWIEDZIALNOŚCIĄ,2028-10-12
582,LUBICZ,4,"""AMREST"" SPÓŁKA Z OGRANICZONĄ ODPOWIEDZIALNOŚCIĄ",2027-04-03
583,LUBICZ,5,CZEPCZYK DANIEL,2023-05-31
584,LUBICZ,26,NAKU POLSKA SPÓŁKA Z OGRANICZONĄ ODPOWIEDZIALNOŚCIĄ,2028-10-11
585,LUBICZ,42,NOSTKIEWICZ PAWEŁ,2023-06-24
586,LUBICZ,"17/B,J",BROWAR LUBICZ SPÓŁKA Z O.O. SPÓŁKA KOMANDYTOWA,2023-08-30
587,LUBOSTROŃ,22G/LU11,"HO QUYEN, LE TRONG LONG, CAO XUAN KY",2028-08-30
588,LUBOSTROŃ,22G/LU5,NARA SPÓŁKA Z OGRANICZONĄ ODPOWIEDZIALNOŚCIĄ SPÓŁKA KOMANDYTOWA,2027-07-01
589,LUCJANA RYDLA,6,KANIAK RYSZARD,2021-11-08
590,LWOWSKA,1,LWOWSKA SPÓŁKA Z O.O.,2022-03-09
591,LWOWSKA,23,PALAMA MARCO,2027-08-06
592,LWOWSKA,2/1,GALAXY HOOKAH SPÓŁKA Z O.O.,2023-07-02
593,LWOWSKA,4/1,PROMETRA SPÓŁKA Z O. O.,2025-08-09
594,LWOWSKA,1/LU10,CHEZ NICHOLAS SPÓŁKA Z O.O.,2023-03-21
595,LWOWSKA,1/LU6,WALCZAK JAN,2023-08-14
596,ŁAGIEWNICKA,50C,SAPETA STEFAN,2026-12-19
597,ŁOBZOWSKA,3,B BRANDS SPÓŁKA Z OGRANICZONA ODPOWIEDZIALNOSCIA SPÓŁKA KOMANDYTOWA,2026-12-05
598,ŁOBZOWSKA,8,HTI SPÓŁKA Z OGRANICZONĄ ODPOWIEDZIALNOŚCIĄ,2027-12-18
599,ŁOBZOWSKA,20,KOSZKUL WIESŁAW,2022-06-01
600,ŁUCZANOWICKA,21,TOMCZYK ANNA,2027-08-11
601,ŁUŻYCKA,32E,MAJ PAWEŁ,2028-01-09
602,MALBORSKA,35,NGUYEN THI GIANG,2027-01-14
603,MALBORSKA,65,MICHOŃ CZESŁAW,2022-10-03
604,MAŁY RYNEK,4,ODUS SPÓŁKA Z OGRANICZONĄ ODPOWIEDZIALNOŚCIĄ,2027-09-09
605,MAŁY RYNEK,4,"ZGÓRKIEWICZ KRZYSZTOF, WOŁKOUN MARCIN",2022-04-17
606,MAŁY RYNEK,7,QLT RESTAURANT & BAR SPÓŁKA Z O. O.,2023-06-25
607,MARIACKI,3,"SITEK ŁUKASZ, SITEK MATEUSZ",2023-03-05
608,MARIANA DOMAGAŁY,25,SABAJ - SYSTEM SPÓŁKA Z OGRANICZONĄ ODPOWIEDZIALNOŚCIĄ,2023-12-19
609,MARII KONOPNICKIEJ,17,"TROJAN JANUSZ, TROJAN EWA",2022-04-09
610,MARII KONOPNICKIEJ,17,MASTERS CATERING SPÓŁKA Z OGRANICZONĄ ODPOWIEDZIALNOŚCIĄ,2028-07-14
611,MARII KONOPNICKIEJ,20,BADOWSKI BOGDAN,2022-06-07
612,MARII KONOPNICKIEJ,26,BEREZA PAWEŁ,2022-02-28
613,MARII KONOPNICKIEJ,28,FORUM SPÓŁKA Z OGRANICZONĄ ODPOWIEDZIALNOŚCIĄ SPÓŁKA KOMANDYTOWA,2027-10-07
614,MARII KONOPNICKIEJ,28,HALA FORUM SPOŁKA Z OGRANICZONĄ ODPOWIEDZIALNOŚCIĄ,2029-02-14
615,MARII KONOPNICKIEJ,28,HALA FORUM SPÓŁKA Z OGRANICZONĄ ODPOWIEDZIALNOŚCIĄ,2029-02-14
616,MARII KONOPNICKIEJ,33,HOTELS GLOBAL INVESTMENT GROUP SPÓŁKA Z OGRANICZONĄ ODPOWIEDZIALNOŚCIĄ,2028-12-20
617,MARII KONOPNICKIEJ,71,POLSKIE MANUFAKTURY GASTRONOMICZNE SPÓŁKA Z OGRANICZONĄ ODPOWIEDZIALNOŚCIĄ,2027-10-10
618,MARII KONOPNICKIEJ,92B,CHRUŚCICKA LIDIA,2023-08-31
619,MARSZ. JÓZEFA PIŁSUDSKIEGO,24,JASIŃSKA-KOSELA GRAŻYNA,2028-09-30
620,MARSZ. JÓZEFA PIŁSUDSKIEGO,27,URBACZEK DARIUSZ,2027-05-08
621,MARSZ. JÓZEFA PIŁSUDSKIEGO,14B,ABRAMCIÓW RAFAŁ,2027-04-16
622,MARSZAŁKA JÓZEFA PIŁSUDSKIEGO,22,"GAWRYLUK JACEK, WÓJTOWICZ IGOR, RADEL CORY, EDRIES TIMUR, STRZELEC BARTOSZ",2028-06-15
623,MAZOWIECKA,33,TRUONG BAO NGOC,2025-11-08
624,MAZOWIECKA,21/1,DALICLUB MAREK TARABUŁA SPÓŁKA JAWNA,2022-09-11
625,MEISELSA,5,"OMIADZE ZVIAD, KONOPKA WOJCIECH",2022-01-31
626,MEISELSA,8,"ULTIMA-GRABOWSKI,SMETEK SPÓŁKA JAWNA",2027-04-28
627,MEISELSA,11,"BŁASZCZYK TOMASZ, MYTNIK KONRAD",2027-10-29
628,MEISELSA,14,FABREST SPÓŁKA Z O.O.,2021-04-21
629,MEISELSA,17,WITKOWSKI ARTUR,2023-05-08
630,MEISELSA,18,"WITYŃSKI ALEKSANDER, ŻAKOWSKI JACEK",2021-06-24
631,MEISELSA,20,WITKOWSKI ARTUR,2022-01-18
632,MEISELSA,22,ZACHARKO MARCIN,2022-08-07
633,MEISELSA,24,PERFECT GROUP SPÓŁKA Z O. O. SPÓŁKA KOMANDYTOWA,2023-04-15
634,MEISELSA,24,BOMBA TOMASZ,2022-03-31
635,MEISELSA,22 lok. 3,KIDOŃ MONIKA,2023-10-19
636,MEISELSA,"9/B,G","STUDNICKI WOJCIECH, STUDNICKI KRZYSZTOF",2027-05-16
637,METALOWCÓW,4,SZCZEPAŃSKI JACEK,2027-02-14
638,MIECHOWSKA,18,"SON LE, JOANNA LE",2022-04-17
639,MIECZYSŁAWA MEDWECKIEGO,2,GASTROMALL GROUP SPÓŁKA Z OGRANICZONĄ ODPOWIEDZIALNOŚCIĄ,2022-10-03
640,MIECZYSŁAWA MEDWECKIEGO,2,"COPIAK ELŻBIETA, COPIAK JAROSŁAW",2025-11-08
641,MIECZYSŁAWA MEDWECKIEGO,2,CARREFOUR POLSKA SPÓŁKA Z O.O.,2021-07-20
642,MIECZYSŁAWA MEDWECKIEGO,2,AMREST SPÓŁKA Z OGRANICZONĄ ODPOWIEDZIALNOŚCIĄ,2029-02-28
643,MIESZCZAŃSKA,10,WPSM-GASTRO SPÓLKA Z OGRANICZONĄ ODPOWIEDZIALNOŚCIĄ,2028-07-31
644,MIKOŁAJA KOPERNIKA,27,GŁÓWCZYK-GUZIK MONIKA,2028-08-30
645,MIKOŁAJA ZYBLIKIEWICZA,1,BARANEK JACEK,2022-02-28
646,MIKOŁAJA ZYBLIKIEWICZA,2,BONZZINI SPÓŁKA Z O.O.,2022-11-21
647,MIKOŁAJSKA,2,"OSTROWSKA-ZAKRZEWSKA MARIOLA, ZAKRZEWSKI TOMASZ, ZAKRZEWSKI MICHAŁ",2025-06-14
648,MIKOŁAJSKA,3,ELTRINGHAM PATRYCJA,2023-10-20
649,MIKOŁAJSKA,3,SINGH SURJIT,2028-09-30
650,MIKOŁAJSKA,5,SENFT MONIKA,2024-12-07
651,MIKOŁAJSKA,5,"FILEWICZ KATARZYNA, FILEWICZ JERZY",2026-12-31
652,MIKOŁAJSKA,5,PAPRYCZKI 5 M. GAWRYLUK SPÓŁKA JAWNA,2028-10-24
653,MIKOŁAJSKA,9,DZIEDZIC DAGMARA,2025-08-08
654,MIKOŁAJSKA,9,PRO-BAR SPÓŁKA Z O.O.,2022-01-15
655,MIKOŁAJSKA,14,"BOGACKA EWELINA, RAI SURENDRA",2027-01-08
656,MIKOŁAJSKA,16,CYKLOP SPÓŁKA Z OGRANICZONĄ ODPOWIEDZIALNOŚCIĄ,2028-08-12
657,MIKOŁAJSKA,24,KOZŁOWSKI KRZYSZTOF,2023-04-14
658,MIKOŁAJSKA,28,"HOTEL ""WIT STWOSZ"" PARAFII BAZYLIKI MARIACKIEJ",2027-03-19
659,MIKOŁAJSKA,30,SAN FRANCESCO SPÓŁKA Z OGRANICZONĄ ODPOWIEDZIALNOŚCIĄ,2028-06-16
660,MIKOŁAJSKA,13/1-2,"STOCH KATARZYNA, BRZEZIŃSKI ARIEL",2027-07-01
661,MIKOŁAJSKA,11/LU2,TŁUSZCZ ARTUR,2022-06-05
662,MIKOŁAJSKA,13/lok. P,SIEDEM PIĄTKÓW SPÓŁKA Z OGRANICZONĄ ODPOWIEDZIALNOŚCIĄ,2029-02-28
663,MIODOWA,3,SOKÓŁ KATARZYNA,2027-08-29
664,MIODOWA,7,ANH DINH TRUONG,2023-10-10
665,MIODOWA,7,"DZIAŁOWY PIOTR, DZIAŁOWY SYLWIA",2026-12-05
666,MIODOWA,8,ZAJĄCZKOWSKI PIOTR,2025-05-21
667,MIODOWA,9,BUDGREEN BĄK I PANTOŁ SPÓŁKA JAWNA,2027-09-10
668,MIODOWA,11,LARIS SP. Z O.O.,2022-02-08
669,MIODOWA,13,"BYTOWSKI MAREK, BIERNACKI MARIUSZ",2027-04-16
670,MIODOWA,14,OLIWA JERZY,2028-12-14
671,MIODOWA,16,RAJPOLD ADAM,2023-01-22
672,MIODOWA,22,JASIAK BOŻENA,2026-02-28
673,MIODOWA,25,LEDWOS ARTUR,2022-06-05
674,MIODOWA,25,LEDWOS MIESZKO,2028-10-06
675,MIODOWA,28,PAWLIKOWSKA-LIZOŃ MONIKA,2022-01-31
676,MIODOWA,29,MEDEHEALTH SPÓŁKA Z O.O.,2028-02-20
677,MIODOWA,39,POLAKOWSKI SPÓŁKA Z O. O.,2023-02-20
678,MIODOWA,43,SIERPIŃSKI PIOTR,2022-11-22
679,MIODOWA,43,MS GROUP SEBASTIAN BANAŚ MARCIN MIERNICZEK SPÓŁKA JAWNA,2028-06-07
680,MIODOWA,51,EKO-TEST SZCZAKOWA SPÓŁKA Z OGRANICZONĄ ODPOWIEDZIALNOŚCIĄ NIERUCHOMOŚCI SPÓŁKA KOMANDYTOWA,2027-10-20
681,MIODOWA,23/1,SYSŁO JAKUB,2027-12-04
682,MIODOWA,20/3,MICHNO LESZEK,2023-09-30
683,MIODOWA,13A,"ZGÓRKIEWICZ KRZYSZTOF, WOŁKOUN MARCIN, KURBIEL RAFAŁ",2027-08-08
684,MIODOWA,19/1A,TAJSKA SPOŁKA Z O.O. KRAKÓW SPÓŁKA KOMANDYTOWA,2023-05-08
685,MIODOWA,19/2A,MIST SPÓŁKA Z OGRANICZONA ODPOWIEDZIALNOSCIA,2027-04-30
686,MIODOWA,20/U3,KORSAK WITOLD,2023-12-31
687,MIODOWA,51A,SKIBA TOMASZ,2027-07-13
688,MIODOWA,51A,JSN POLAND SPÓŁKA Z OGRANICZONĄ ODPOWIEDZIALNOŚCIĄ,2027-04-03
689,MIROWSKA,203,AMREST SPÓŁKA Z O. O.,2025-10-03
690,MOGILSKA,11,UDZIELA ANNA,2028-01-14
691,MOGILSKA,18,LE THANH HA,2023-07-08
692,MOGILSKA,86/15A,FAJTO KRYSTYNA,2021-12-31
693,MONTE CASSINO,1,B&B HOTELS POLSKA SPÓŁKA Z O.O.,2023-05-22
694,MONTE CASSINO,2,""" SOF HOTEL OPERATIONS"" SPÓŁKA Z OGRANICZONA ODPOWIEDZIALNOSCIA",2027-04-08
695,MORELOWA,26A,PAZDRO ROBERT,2027-02-05
696,MOSTOWA,2,"KALETA MATEUSZ, KRUPA PRZEMYSŁAW",2023-08-22
697,MOSTOWA,2,MARCHEWKA Z GROSZKIEM SPÓŁKA Z O.O.,2023-04-12
698,MOSTOWA,2,"KOZIELSKI WOJCIECH, DWORZAŃSKI PIOTR",2028-07-12
699,MOSTOWA,4,WILCZEK KRAKÓW SPÓŁKA Z OGRANICZONĄ ODPOWIEDZIALNOŚCIĄ,2027-09-30
700,MOSTOWA,8,GRZYBOWSKI MICHAŁ,2028-04-02
701,MOSTOWA,8,FUNDACJA BULWARY SZTUKI,2024-02-11
702,MOSTOWA,12,ANALOGIA SPÓŁKA Z OGRANICZONA ODPOWIEDZIALNOSCIA,2027-06-10
703,MOSTOWA,14,YERMOLENKO VLADYSLAV,2027-04-16
704,MROZOWA,1,HUT-PUS S.A.,2021-10-12
705,MROZOWA,1,HUT - PUS SPÓŁKA AKCYJNA,2023-03-04
706,MURARSKA,13,NGUYEN TUAN ANH,2026-11-12
707,MYŚLENICKA,133,ZAJĄC MAGDALENA,2022-01-22
708,MYŚLENICKA,153,GNIADEK JAROSŁAW,2022-07-20
709,NA BŁONIACH,1,KLUB TENISOWY BŁONIA SPÓŁKA Z OGRANICZONĄ ODPOWIEDZIALNOŚCIĄ SPÓŁKA KOMANDYTOWA,2028-06-19
710,NA BŁONIACH,7,REMO SPÓŁKA Z O O. SPÓŁKA JAWNA,2021-05-22
711,NA GRÓDKU,4,JERZY DONIMIRSKI,2022-06-30
712,NA LOTNISKU,23,BURSA ROBERT,2022-07-04
713,NA STOKU,1,PRZYCHODZKA-GUŚPIEL KATARZYNA,2022-04-10
714,NA ZAKOLU WISŁY,12B/LU2,KUKLA MARCIN,2022-12-05
715,NAD ZALEWEM,15,GIBAŁA NATALIA,2027-03-05
716,NADWIŚLAŃSKA,1,DRUKARNIA KLUB SPÓŁKA Z O.O.,2023-07-06
717,NADWIŚLAŃSKA,5,"GAWRYLUK JACEK, HOŁUBICZKO MAGDALENA, EDRIES TIMUR",2023-09-05
718,NADWIŚLAŃSKA,6,"""QUBUS HOTEL MANAGEMENT"" SPÓŁKA Z OGRANICZONĄ ODPOWIEDZIALNOŚCIĄ",2023-07-31
719,NADWIŚLAŃSKA,1/6,"ŁODZIŃSKA-KOZŁOWSKA PAULA, KOZŁOWSKI MACIEJ",2021-05-16
720,NADWIŚLAŃSKA,2-4,WOŹNIAK AGATA,2027-10-23
721,NADWIŚLAŃSKA,11/340(u17),JĘDRAS RAFAŁ,2027-07-01
722,NADWIŚLAŃSKA,3 lok. H2,SAAV GROUP SPÓŁKA Z OGRANICZONĄ ODPOWIEDZIALNOŚCIĄ,2029-03-19
723,NADWIŚLAŃSKA,5 / L1,BRZOSTEK RAFAŁ,2027-10-10
724,NEFRYTOWA,4,PAZDAN DARIUSZ,2028-01-31
725,NOWOHUCKA,35,KRAKOWSKIE PRZEDSIĘBIORSTWO HOTELARSKO-TURYSTYCZNE SPÓŁKA Z O.O.,2029-01-06
726,NOWOLIPKI,3,WITAS DAGMARA,2022-08-09
727,NOWOSĄDECKA,9C,KURLETO ALFRED,2027-02-02
728,NOWY,1,JELONEK ROBERT,2022-01-25
729,NOWY,9,"ŚLAZYK MAŁGORZATA, ŚLAZYK-HANKIEWICZ RENATA, ŚLAZYK ROBERT, HANKIEWICZ ZBIGNIEW",2022-01-31
730,OBROŃCÓW TOBRUKU,29A,"RESTAURACJA ""TRZY KACZKI"" BRONIKOWSKI W., BRONIKOWSKA B. SPÓŁKA JAWNA",2028-07-16
731,OGRODOWA,10,PURO HOTEL KRAKÓW SPÓŁKA Z O.O.,2023-08-11
732,OJCOWSKA,166A,POLIMORFIA SPÓŁKA Z OGRANICZONĄ ODPOWIEDZIALNOŚCIĄ SPÓŁKA KOMANDYTOWA,2028-09-23
733,OLIMPIJSKA,23,VICTUM PRIME SPÓŁKA Z OGRANICZONĄ ODPOWIEDZIALNOŚCIĄ SPÓŁKA KOMANDYTOWA,2027-10-31
734,OPOLSKA,14,CENTRAL FUND OF IMMOVABLES SPÓŁKA Z OGRANICZONĄ ODPOWIEDZIALNOŚCIĄ,2027-10-23
735,OPOLSKA,60A,AMREST SPÓŁKA Z OGRANICZONĄ ODPOWIEDZIALNOŚCIĄ,2027-12-04
736,ORZECHOWA,5,"RADECKA EWA, KOSOWSKI STANISŁAW",2023-09-30
737,ORZECHOWA,11,DRAGON HOTEL INVESTMENTS SPÓŁKA Z OGRANICZONĄ ODPOWIEDZIALNOŚCIĄ,2026-12-05
738,OSIEDLE  ZŁOTEJ JESIENI,13A,MOGIELNICKI JERZY,2023-01-31
739,OSIEDLE 2 PUŁKU LOTNICZEGO,51,HP SPÓŁKA Z OGRANICZONĄ ODPOWIEDZIALNOŚCIĄ,2027-12-09
740,OSIEDLE BOHATERÓW WRZEŚNIA,76,"GUZIK PATRYCJA, GUZIK JULIA",2025-09-28
741,OSIEDLE CENTRUM B,8,NOSEK ROBERT,2022-11-11
742,OSIEDLE CENTRUM C,3,"MICHAŁEK LEONA, BAŁA BARBARA",2027-09-16
743,OSIEDLE CENTRUM C,1/U2A,POLSKIE MANUFAKTURY GASTRONOMICZNE SPÓŁKA Z OGRANICZONA ODPOWIEDZIALNOŚCIĄ,2027-10-23
744,OSIEDLE CENTRUM D,2 LU 1,"WARUNEK JAN, GRYSZA MICHAŁ",2029-03-12
745,OSIEDLE DYWIZJONU 303,31L,"DUDEK MARCIN, ZIMNIAK MAREK",2027-06-05
746,OSIEDLE DYWIZJONU 303,62B/LU4,WIĄCEK KATARZYNA,2027-09-22
747,OSIEDLE HUTNICZE,2,FIRMA HANDLOWA DOMAX - SERAFIN SPÓŁKA JAWNA,2027-06-18
748,OSIEDLE KOLOROWE,10,"SADOWSKA BEATA, SADOWSKI MAREK",2028-07-14
749,OSIEDLE NA WZGÓRZACH,21,ŻĄDŁO PAWEŁ,2028-02-20
750,OSIEDLE NIEPODLEGŁOŚCI,3,AMREST SPÓŁKA Z OGRANICZONĄ ODPOWIEDZIALNOŚCIĄ,2028-09-30
751,OSIEDLE PIASTÓW,16/85,SUDOŁ BOGDAN,2021-12-10
752,OSIEDLE SZKOLNE,12,"MAŚLAK ZOFIA, KRAKOWSKI KRZYSZTOF",2027-01-13
753,OSIEDLE SZKOLNE,25,DARGIEWICZ JACEK,2028-07-15
754,OSIEDLE TEATRALNE,11,PIKOR BARTŁOMIEJ,2023-08-04
755,OSIEDLE TYSIĄCLECIA,42,MATEUSZUK WITOLD,2028-09-23
756,OSIEDLE TYSIĄCLECIA,83,BOBA JANUSZ,2028-07-13
757,OSIEDLE TYSIĄCLECIA,29/4,ANNA FIGIELA,2021-07-12
758,OSIEDLE ZŁOTEGO WIEKU,79,STĘPIEŃ - JOPEK BEATA,2023-02-06
759,OSIEDLE ZŁOTEGO WIEKU,82,"ALBERT ARMATYS, NATALIA BIENIEK",2029-01-31
760,OSIEDLE ZŁOTEGO WIEKU,84,KUCHARCZYK ANNA,2027-07-14
761,OSIEDLE ZŁOTEGO WIEKU,51A,"POJAŁOWSKI WALDEMAR, POJAŁOWSKI MARCIN",2029-03-31
762,OSIEDLE ZŁOTEJ JESIENI,12,"PRZEDSIĘBIORSTWO USŁUG HOTELARSKICH I TURYSTYCZNYCH ""KRAKÓW"" W KRAKOWIE SP. Z O.O.",2023-02-28
763,PAPIERNICZA,2,BARANEK JACEK,2027-12-06
764,PAPIERNICZA,3,DONIMIRSKI JERZY,2023-09-18
765,PAPIERNICZA,3,CASINOS POLAND CP SPÓŁKA Z OGRANICZONĄ ODPOWIEDZIALNOŚCIĄ,2026-08-09
766,PARKOWA,12A,KLIMCZAK ANDRZEJ,2023-07-03
767,PAULIŃSKA,24,"PRZEDSIĘBIORSTWO PRODUKCYJNO-USŁUGOWE TEXBUD T. BARANOWSKI I SPÓŁKA, SPÓŁKA JAWNA",2025-01-14
768,PAULIŃSKA,28,KUFEL MONIKA,2027-04-24
769,PAWIA,3,VIENNA HOUSE ANDELS CRACOW SPÓŁKA Z OGRANICZONĄ ODPOWIEDZIALNOŚCIĄ,2022-05-28
770,PAWIA,5,INVESTMENT PARTNERS GB SP. Z O.O.,2021-11-30
771,PAWIA,5,"TIMOFIEJCZYK GRZEGORZ, WITT-PIASECKA SYLWIA",2022-03-02
772,PAWIA,5,MANIPEDI WIECZOREK KLINOWSKI SPÓŁKA JAWNA,2027-05-01
773,PAWIA,5,METROPOL SPÓŁKA Z O.O.,2022-06-25
774,PAWIA,5,LOŻA CAFE BOGDAN JANICKI SPÓŁKA JAWNA,2024-12-31
775,PAWIA,5,"""AMREST"" SPÓŁKA Z OGRANICZONĄ ODPOWIEDZIALNOŚCIĄ",2023-11-03
776,PAWIA,5,DOMINIUM S. A.,2023-04-23
777,PAWIA,5,INVESTMENT PARTNERS BCC SPÓŁKA Z OGRANICZONA ODPOWIEDZIALNOSCIA,2027-04-02
778,PAWIA,5,"KAMIŃSKA BARBARA, KAMIŃSKI  MARIUSZ",2021-09-30
779,PAWIA,5,AMREST SPÓŁKA Z OGRANICZONĄ ODPOWIEDZIALNOŚCIĄ,2028-09-30
780,PAWIA,5,WROCŁAWSKA AKADEMIA KULINARNA SPÓŁKA Z OGRANICZONĄ ODPOWIEDZIALNOŚCIĄ SPÓŁKA KOMANDYTOWA,2028-06-07
781,PAWIA,15,ORBIS S.A.,2022-04-12
782,PAWIA,18B,ORBIS S.A,2021-09-14
783,PĘDZICHÓW,3,SOBYRA JOANNA,2023-03-29
784,PIASTOWSKA,20,PIKUŁA JAN,2026-12-31
785,PIASTOWSKA,47,FUNDACJA STUDENTÓW I ABSOLWENTÓW UNIWERSYTETU JAGIELLOŃSKIEGO BRATNIAK,2023-07-14
786,PIASTOWSKA,47,LASTRADA CATERING SPÓŁKA Z O.O.,2022-01-11
787,PIASTOWSKA,47,LASTRADA CATERING SPÓŁKA Z OGRANICZONĄ ODPOWIEDZIALNOŚCIĄ,2022-02-01
788,PIETRUSIŃSKIEGO,2,MĄCZYŃSKA WŁADYSŁAWA,2023-05-14
789,PIJARSKA,9,RESTAURACJA GALICYJSKA SPÓŁKA Z O.O. SPÓŁKA KOMANDYTOWA,2023-06-30
790,PIJARSKA,9,SINGH SURJIT,2029-01-17
791,PIJARSKA,13,AB INVESTMENT GROUP SPÓŁKA Z OGRANICZONĄ ODPOWIEDZIALNOŚCIĄ,2027-12-18
792,PIJARSKA,17,DONIMIRSKI JERZY,2027-08-10
793,PIJARSKA,21,BEDNARCZYK LUCYNA,2028-07-14
794,PIJARSKA,23,WIEWIÓRSKA ANETA,2028-05-28
795,PIJARSKA,5/LU1,BOIKO SPÓŁKA Z OGRANICZONA ODPOWIEDZIALNOSCIA,2027-02-06
796,PILOTÓW,45,"STASIELAK MARTA, STASIELAK LESŁAW, STASIELAK ADA",2027-12-31
797,PILOTÓW,97,NGUYEN TUAN HUNG,2027-02-28
798,PLAC BAWÓŁ,4,CIEMIĘGA MAŁGORZATA,2027-04-18
799,PLAC DOMINIKAŃSKI,4,PRO EXPLOR SPÓŁKA Z OGRANICZONĄ ODPOWIEDZIALNOŚCIĄ,2026-10-28
800,PLAC DOMINIKAŃSKI,4,NAKU POLSKA SPÓŁKA Z OGRANICZONĄ ODPOWIEDZIALNOŚCIĄ,2028-08-14
801,PLAC DOMINIKAŃSKI,6,TUZERO SPÓŁKA Z OGRANICZONĄ ODPOWIEDZIALNOŚCIĄ SPÓŁKA KOMANDYTOWA,2027-01-17
802,PLAC EMILA SERKOWSKIEGO,7,"RESTAURACJA ""OGNIEM I MIECZEM"" B. I R. PARCZAŁA, D. MARCHEWKA SPÓŁKA JAWNA",2028-01-12
803,PLAC IM. JANA NOWAKA- JEZIORAŃSKIEGO,3,DYMACZ ALEKSANDER,2022-12-31
804,PLAC INWALIDÓW,7 lok. V-VII,CAPPUCCINO IGA UNISZEWSKA SPÓŁKA JAWNA,2023-03-10
805,PLAC JANA MATEJKI,6,BRANNY-WARCHOŁ MAŁGORZATA,2023-10-06
806,PLAC JANA MATEJKI,8,MATEJKO SPÓŁKA Z OGRANICZONĄ ODPOWIEDZIALNOŚCIĄ,2027-01-31
807,PLAC JANA MATEJKI,2 lok. C,"FILEWICZ KATARZYNA, FILEWICZ JERZY, GĄSIOR-TRZÓPEK DOMINIKA",2026-12-31
808,PLAC JULIUSZA KOSSAKA,6,BACHLEDA LUXURY PROPERTIES SPÓŁKA Z OGRANICZONA ODPOWIEDZIALNOSCIA,2027-02-13
809,PLAC MARIACKI,2,ACCADEMIA F&F INWESTYCJE SPÓŁKA Z O. O. SPÓŁKA KOMANDYTOWA,2023-04-30
810,PLAC MARIACKI,9,BARISTA SPÓŁKA AKCYJNA,2028-06-01
811,PLAC MARIACKI,1/2,KHALAF AJMI,2023-02-08
812,PLAC MARIACKI,1/4,BULLDOG BAR SPÓŁKA Z OGRANICZONĄ ODPOWIEDZIALNOŚCIĄ SPÓŁKA KOMANDYTOWA,2028-03-10
813,PLAC NA GROBLACH,22,NIZIOŁEK MACIEJ,2028-01-31
814,PLAC NOWY,1,"BAĆ WITOLD, MUCHA ROBERT",2027-04-17
815,PLAC NOWY,3,WÓJCIKIEWICZ ŁUKASZ,2026-12-19
816,PLAC NOWY,4,PIZZATOPIA SPÓŁKA Z OGRANICZONA ODPOWIEDZIALNOSCIA,2027-02-22
817,PLAC NOWY,7,MEX BISTRO V SPÓŁKA Z O.O.,2023-04-29
818,PLAC NOWY,7,KARKOSZ ARTUR,2027-08-07
819,PLAC NOWY,8,C PROFIT 2ART SPÓŁKA Z OGRANICZONĄ ODPOWIEDZIALNOŚCIĄ SPÓŁKA KOMANDYTOWA,2029-03-22
820,PLAC NOWY,9,"GRUPA A & G PAJDA KLESYK SPÓŁKA JAWNA, .",2022-01-21
821,PLAC NOWY,9,"GRUPA SCANDALE PAJDA, KLESYK SPÓŁKA JAWNA",2026-12-18
822,PLAC NOWY,3/38,BOIARCHUK KATERYNA,2027-12-05
823,PLAC NOWY,3A,"SCHMIDT ARTUR, PIEROŻYŃSKI MARCIN",2026-10-22
824,PLAC SZCZEPAŃSKI,2,GRUPA A & G PAJDA KLESYK SPÓŁKA JAWNA,2022-01-21
825,PLAC SZCZEPAŃSKI,3,ZJEDNOCZONE PRZEDSIĘBIORSTWA ROZRYWKOWE S. A.,2023-12-06
826,PLAC SZCZEPAŃSKI,3,KIWAK SŁAWOMIR,2028-06-17
827,PLAC SZCZEPAŃSKI,6,SOCHA RAFAŁ,2021-05-10
828,PLAC SZCZEPAŃSKI,7,SAŁAKOWSKA IWONA,2027-04-30
829,PLAC SZCZEPAŃSKI,8,GOPRES SPÓŁKA Z OGRANICZONĄ ODPOWIEDZIALNOŚCIĄ SPÓŁKA KOMANDYTOWA,2028-03-31
830,PLAC SZCZEPAŃSKI,9,CHYLA MAREK,2027-06-30
831,PLAC SZCZEPAŃSKI,5/2,"EDRIES TIMUR, HOŁUBICZKO EMIL, KAŁKOWSKI TOBIASZ, RADEL CORY, STRZELEC BARTOSZ",2027-12-03
832,PLAC WOLNICA,2,PLACEK SPÓLKA Z OGRANICZONĄ ODPOWIEDZIALNOŚCIĄ,2028-11-30
833,PLAC WOLNICA,9,"ŻARCZYŃSKA MAŁGORZATA, STARCZEWSKI DANIEL, PRUS MACIEJ",2027-07-31
834,PLAC WOLNICA,10,HRYNIUKA PIOTR,2028-05-28
835,PLAC WOLNICA,12,STRUMIŃSKA BERNADETTA,2028-06-10
836,PLAC WOLNICA,13,PROXA FOOD SPÓŁKA Z OGRANICZONĄ ODPOWIEDZIALNOŚCIĄ SPÓŁKA KOMANDYTOWA,2028-08-16
837,PLAC WOLNICA,9/13,WARJAS AGNIESZKA,2028-11-29
838,PLAC WOLNICA,"13 LU-2, LU-3",KANIA BOGUMIŁA,2028-01-19
839,PLAC WSZYSTKICH ŚWIĘTYCH,6,FUNDACJA CENTRUM KOPERNIKA,2028-05-31
840,PŁASZOWSKA,65,KARAŚ WALDEMAR,2027-09-15
841,PŁK. STANISŁAWA DĄBKA,8,WINNICA & WINO SPÓŁKA Z OGRANICZONĄ ODPOWIEDZIALNOŚCIĄ,2022-11-05
842,PŁK. STANISŁAWA DĄBKA,13,WYPARŁO URSZULA,2028-11-08
843,POCIESZKA,3,"TOMAS-MACIANTOWICZ VIOLETTA, CHART RAFAŁ",2028-05-31
844,POD STRZECHĄ,16C,BRODA MARIA,2027-05-23
845,PODBRZEZIE,2,"PROCHWICZ JOANNA, PROCHWICZ RAFAŁ",2027-02-24
846,PODCHORĄŻYCH,3,WÓJTOWICZ KRYSTYNA,2021-05-17
847,PODCHORĄŻYCH,3,BOGACKA-BUŁKA AGNIESZKA,2021-10-09
848,PODCHORĄŻYCH,3,TRAN THANH TIEN,2027-09-25
849,PODEDWORZE,6A,SAKOWSKI DAMIAN,2028-07-09
850,PODGÓRSKA,34,DOMINIUM S.A.,2021-09-07
851,PODGÓRSKA,34,AMREST SP. Z O.O.,2022-04-09
852,PODGÓRSKA,34,AMREST SPÓŁKA Z OGRANICZONĄ ODPOWIEDZIALNOŚCIĄ,2023-05-22
853,PODGÓRSKA,34,KOMAD SPÓŁKA Z O.O. SPÓŁKA KOMANDYTOWA,2021-07-19
854,PODGÓRSKA,34,"CULINARIA EDYTA SOKÓŁ, AGATA GRELA SPÓŁKA JAWNA",2028-05-20
855,PODGÓRSKA,34,PLEJADES - 4 SPÓŁKA Z OGRANICZONĄ ODPOWIEDZIALNOŚCIĄ SPÓŁKA KOMANDYTOWA,2028-05-21
856,PODGÓRSKI,9,GASTROMALL GROUP[ SPÓŁKA Z OGRANICZONĄ ODPOWIEDZIALNOŚCIĄ,2022-02-14
857,PODWALE,2/1,AMFISA RAY SPÓŁKA Z OGRANICZONĄ ODPOWIEDZIALNOŚCIĄ,2027-09-11
858,PODWALE,6-7,C.K. BROWAR SP. Z O.O.,2021-12-31
859,PODWALE,6-7,C. K. BROWAR SPÓŁKA Z OGRANICZONĄ ODPOWIEDZIALNOŚCIĄ,2028-04-19
860,PODWALE,7 / Ip. i IIp.,PIK KRAKÓW SPÓLKA Z OGRANICZONĄ ODPOWIEDZIALNOŚCIĄ,2028-07-23
861,PODZAMCZE,24,KRZYKAWSKA GRAŻYNA,2027-04-21
862,POLONIJNA,5,KOZAK MAŁGORZATA,2024-05-26
863,POMORSKA,10/2,ZALEJSKA ANNA,2023-03-08
864,POR. HALSZKI,29,NOSEK ROBERT,2028-01-16
865,POSELSKA,17,"GAWRON ELŻBIETA, GAWRYLUK MIROSŁAW",2023-02-20
866,POSELSKA,18,MASTER FOOD SPÓŁKA Z OGRANICZONĄ ODPOWIEDZIALNOŚCIĄ,2028-11-30
867,POSELSKA,19,"GAWRYLUK MIROSŁAW, GAWRON ELŻBIETA",2022-08-09
868,POSELSKA,20,INVESTMENT PARTNERS GK SPÓŁKA Z O.O.,2022-02-28
869,POSELSKA,22,BLAKDAK M.GRECZKA SPÓŁKA JAWNA,2027-05-31
870,POSELSKA,24,PIZŁO PIOTR,2023-08-12
871,POWIŚLE,7,KRAKÓW SG HOTEL SPÓŁKA Z O.O.,2022-02-28
872,POWSTAŃCÓW WIELKOPOLSKICH,18,NGUYEN THI KHANH,2023-06-10
873,POWSTAŃCÓW WIELKOPOLSKICH,18A,ŚLĘCZKA DAWID,2023-03-08
874,POZNAŃSKA,10 LU 1,SKONIECZNY DAMIAN,2022-03-31
875,PRASKA,61/16,JACEK WOJNAROWSKI,2022-12-16
876,PRĄDNICKA,41,HOANG HUU TRUONG,2021-08-14
877,PRĄDNICKA,1a,PRUSAK GRZEGORZ,2023-03-21
878,PRĄDNICKA,20A,GRUPA HOFNER SPÓŁKA Z OGRANICZONĄ ODPOWIEDZIALNOŚCIĄ,2027-10-24
879,PROF. MARKA STACHOWSKIEGO,4 lok. LU 1 i LU 2,BRYG AGNIESZKA,2027-12-19
880,PROF. MICHAŁA BOBRZYŃSKIEGO,33,CHEF SERVICES GRZEMPOWSKA &  BROŻEK SPÓŁKA JAWNA,2021-11-29
881,PROF. MICHAŁA BOBRZYŃSKIEGO,33,INTER-APARTMENTS SPÓŁKA Z O.O. SPÓŁKA KOMANDYTOWA,2023-04-10
882,PROF. MICHAŁA BOBRZYŃSKIEGO,37,TRAN BINH QUYEN,2023-12-16
883,PROF. WŁADYSŁAWA KONOPCZYŃSKIEGO,14/LU3,RAGA SPÓŁKA Z OGRANICZONĄ ODPOWIEDZIALNOŚCIĄ,2026-10-22
884,PROFESORA WOJCIECHA MARII BARTLA,20 lok. 11,SUCHAN TADEUSZ,2023-08-11
885,PROMOWA,8,ADAMUS ZENON,2021-08-28
886,PRZEDWIOŚNIE,16,"WCISŁO MAŁGORZATA, WCISŁO ZBIGNIEW",2023-07-01
887,PRZEMIARKI,"23A/LU7, LU8","OLSZAŃSKA MAGDALENA, BŁASZCZYK KRZYSZTOF",2026-11-07
888,PRZEMYSŁOWA,4/468,TTKAWA SPÓŁKA Z OGRANICZONĄ ODPOWIEDZIALNOŚCIĄ,2028-07-12
889,PRZEMYSŁOWA,4/470,FATYGA SYLWIA,2027-03-20
890,PRZEWÓZ,40A/U3,BŁĘDOWSKI BARTOSZ,2027-07-10
891,PRZY MOŚCIE,7,PI MANAGEMENT SPÓŁKA Z OGRANICZONĄ ODPOWIEDZIALNOŚCIĄ,2028-06-15
892,PRZY RONDZIE,2,VIENNA  HOUSE EASY CRACOW RE SPÓŁKA Z O.O.,2021-06-18
893,PUŁKOWNIKA NULLO,42/U3,KRAKOWSKA GRUPA GASTRONOMICZNA SPÓŁKA Z OGRANICZONĄ ODPOWIEDZIALNOŚCIĄ SPÓŁKA KOMANDYTOWA,2022-06-04
894,RACIBORSKA,17/P11,MIJAMOJE SPÓŁKA Z OGRANICZONĄ ODPOWIEDZIALNOŚCIĄ,2028-01-31
895,RACIBORSKA,17/P21,MF CONCEPT SPÓŁKA Z OGRANICZONĄ ODPOWIEDZIALNOŚCIĄ,2027-06-09
896,RADZIWIŁŁOWSKA,3,"ASCOT HOTEL MALINOWSKI, WRZECIONEK SP. J.",2022-04-22
897,RAJSKA,8,WILEMSKA MAGDALENA,2028-07-09
898,RAJSKA,12,PAUZA SPÓŁKA Z OGRANICZONA ODPOWIEDZIALNOSCIA SPÓŁKA KOMANDYTOWA,2027-05-24
899,RAJSKA,3/4,"GAWRYLUK JACEK, HOŁUBICZKO MAGDALENA, MUZA TOMASZ",2027-04-02
900,RAJSKA,3/LU2,OD KUCHNI CZEPIEC-GOLOŃSKA GOSTYLLA SPÓŁKA JAWNA,2027-08-06
901,RAJSKA,6 lok. 2 A,SYGA TOMASZ,2028-10-14
902,RAKOWICKA,1,JAWORSKI STANISŁAW,2023-06-30
903,RAKOWICKA,1,OKFAMILY SPÓŁKA Z OGRANICZONĄ ODPOWIEDZIALNOŚCIĄ,2027-12-05
904,RAKOWICKA,11,IWAN RAFAŁ,2027-03-06
905,RAKOWICKA,11,ŁUCKI OLAF,2028-10-13
906,RAKOWICKA,22,"TERESA SOCHA, PIOTR KRASICKI SPÓŁKA JAWNA",2027-03-20
907,RAKOWICKA,27,FUNDACJA UNIWERSYTETU EKONOMICZNEGO W KRAKOWIE,2027-10-20
908,RAKOWICKA,17/2,MAYER RAFAŁ,2027-10-08
909,RAKOWICKA,19/2,SYNOWIEC MATEUSZ,2023-09-06
910,RAKOWICKA,10B,"GĄDEK - WYPASEK ZOFIA, CZESAK WIESŁAW",2023-02-14
911,RAKOWICKA,14A,KOZINA BARTOSZ,2022-05-29
912,RAKOWICKA,19 LOK. 1 I 8,SUDOŁ KRZYSZTOF,2027-01-08
913,RAKOWICKA,20 F,"RADWAŃSKA ALEKSANDRA, ANDRZEJ RADWAŃSKI",2028-10-11
914,RAKOWICKA,20/L4,BEDNARSKA MARTA,2028-05-21
915,RAKOWICKA,27 paw. E,STOWARZYSZENIE PARLAMENTU STUDENCKIEGO UNIWERSYTETU EKONOMICZNEGO W KRAKOWIE,2021-09-21
916,RAKOWICKA,43B,KORZENIAK MAŁGORZATA,2028-05-31
917,REDUTA,26/LU2,"FOODIE KUŹNIAR, RÓG SP. J. SPÓŁKA JAWNA",2027-09-10
918,REDUTA,3 B,LEDWOS PRZEMYSŁAW,2021-05-22
919,REFORMACKA,3,FG MAŁOPOLSKA SPÓŁKA Z O.O.,2024-11-15
920,REPUBLIKI KORCZAKOWSKIEJ,7,BUI THI CHINH,2023-10-14
921,RETORYKA,19,JANIK-RAJCA MAJA,2028-11-09
922,ROBERTA JAHODY,2,KILIAŃSKI RAFAŁ,2027-02-24
923,RUCZAJ,39,RUCZAJ 39 SOPATA SPÓŁKA JAWNA,2027-04-16
924,RUCZAJ,44,"HOTEL ""RUCZAJ"" WOJDACZ SPÓŁKA JAWNA",2029-03-31
925,RUSZNIKARSKA,4A,DZIEŃ ALINA,2022-01-17
926,RYNEK DĘBNICKI,12,"PRZENIOSŁO ŁUKASZ, PRZENIOSŁO PAWEŁ",2027-04-04
927,RYNEK GŁÓWNY,1,JANAREK KRZYSZTOF,2027-04-16
928,RYNEK GŁÓWNY,3,"JARCZYŃSKA JOLANTA, BARTCZAK ADAM",2027-07-15
929,RYNEK GŁÓWNY,3,POLSKIE RESTAURACJE ROYAL SUKIENNICE SPÓŁKA Z OGRANICZONA ODPOWIEDZIALNOSCIA,2027-07-16
930,RYNEK GŁÓWNY,6,B-BAR SPÓŁKA Z OGRANICZONĄ ODPOWIEDZIALNOŚCIĄ,2027-04-23
931,RYNEK GŁÓWNY,6,MIKA EVENTS SPÓŁKA Z OGRANICZONĄ ODPOWIEDZIALNOŚCIĄ SPÓŁKA KOMANDYTOWA,2028-06-10
932,RYNEK GŁÓWNY,8,JASZCZURY SPÓŁKA Z OGRANICZONĄ ODPOWIEDZIALNOŚCIĄ SPÓŁKA KOMANDYTOWA,2028-05-31
933,RYNEK GŁÓWNY,10.0,"PROKOPIK MAREK, PROKOPIK SŁAWOMIR",2028-09-14
934,RYNEK GŁÓWNY,13.0,LOUIS ĆWIERTNIA IDEC SPÓŁKA JAWNA,2022-02-28
935,RYNEK GŁÓWNY,13.0,HOLDING LIWA SPÓŁKA Z OGRANICZONA ODPOWIEDZIALNOSCIA,2027-03-12
936,RYNEK GŁÓWNY,15.0,BONUS MANAGEMENT SPÓŁKA Z OGRANICZONĄ ODPOWIEDZIALNOŚCIĄ SPÓŁKA KOMANDYTOWA,2022-01-15
937,RYNEK GŁÓWNY,19.0,"ABREU MACHADO MILAGROS, MŁODECKI MARCIN",2027-04-30
938,RYNEK GŁÓWNY,19.0,CAFE RYNEK SPÓŁKA Z OGRANICZONĄ ODPOWIEDZIALNOŚCIĄ,2027-11-30
939,RYNEK GŁÓWNY,22.0,DOMINIUM S.A.,2023-04-21
940,RYNEK GŁÓWNY,23.0,SZUBRA JACEK,2027-08-10
941,RYNEK GŁÓWNY,25.0,SUCHOWIERSKI KRZYSZTOF,2026-11-30
942,RYNEK GŁÓWNY,26.0,FOOD CONCEPT F&F INWESTYCJE SPÓŁKA Z OGRANICZONĄ ODPOWIEDZIALNOŚCIĄ SPÓŁKA KOMANDYTOWA,2027-08-05
943,RYNEK GŁÓWNY,27.0,POTOCKI & CO SPÓŁKA Z OGRANICZONĄ ODPOWIEDZIALNOŚCIĄ,2027-11-01
944,RYNEK GŁÓWNY,28.0,DOBRA SPÓŁKA Z OGRANICZONĄ ODPOWIEDZIALNOŚCIĄ,2027-02-12
945,RYNEK GŁÓWNY,29.0,"KULISA PAWEŁ, FRANCZAK PAWEŁ",2027-01-31
946,RYNEK GŁÓWNY,29.0,"ZAJĄC-SOLECKA ZDZISŁAWA, SOLECKI BOGDAN",2028-09-30
947,RYNEK GŁÓWNY,30.0,LOŻA KRZYSZTOF NOWOSAD SPÓŁKA JAWNA,2028-12-31
948,RYNEK GŁÓWNY,34.0,POLSKIE MANUFAKTURY GASTRONOMICZNE SOÓŁKA Z OGRANICZONĄ ODPOWIEDZIALNOŚCIĄ,2021-11-17
949,RYNEK GŁÓWNY,34.0,POLSKIE MANUFAKTURY GASTRONOMICZNE SPÓŁKA Z OGRANICZONA ODPOWIEDZIALNOŚCIĄ,2028-09-30
950,RYNEK GŁÓWNY,34.0,"HOŁUBICZKO MAGDALENA, GAWRYLUK JACEK, TIMUR EDRIES",2028-05-27
951,RYNEK GŁÓWNY,35.0,REMO SPÓŁKA Z OGRANICZONĄ ODPOWIEDZIALNOŚCIĄ SPÓŁKA JAWNA,2027-08-08
952,RYNEK GŁÓWNY,36.0,MIROTA MATEUSZ,2023-05-19
953,RYNEK GŁÓWNY,37.0,POLISH HOSPITALITY GROUP SPÓŁKA Z OGRANICZONĄ ODPOWIEDZIALNOŚCIĄ SPÓŁKA KOMANDYTOWA,2026-12-16
954,RYNEK GŁÓWNY,43.0,"KAWIARNIA ""BANKOWA"" EDYTA SOKÓŁ SPÓŁKA JAWNA",2028-05-31
955,RYNEK GŁÓWNY,44.0,POLISH HOSPITALITY GROUP SPÓŁKA Z OGRANICZONĄ ODPOWIEDZIALNOŚCIĄ SPÓŁKA KOMANDYTOWA,2022-04-08
956,RYNEK GŁÓWNY,46.0,MAYLANE POLSKA ENTERTAINMENT SPÓŁKA Z O. O.,2023-04-27
957,RYNEK GŁÓWNY,47.0,CAMPANA MSHG SPÓŁKA Z OGRANICZONĄ ODPOWIEDZIALNOŚCIĄ,2028-08-16
958,RYNEK GŁÓWNY,1-3,CHYLA MAREK,2027-06-30
959,RYNEK GŁÓWNY,1/3 - sukiennice,NOWOROLSKI WOJCIECH,2027-02-25
960,RYNEK GŁÓWNY,15-17,BONUS MANAGEMENT SP. Z O.O. SP.K.,2021-10-30
961,RYNEK GŁÓWNY,"45/LU1,LU3 I LU4",POLISH HOSPITALITY GROUP SPÓŁKA Z OGRANICZONĄ ODPOWIEDZIALNOŚCIĄ SPÓŁKA KOMANDYTOWA,2028-09-10
962,RYNEK KLEPARSKI,kiosk nr 41,"AQUA - R. FABRIS, F. MARZOCCHI SPÓŁKA JAWNA",2028-06-18
963,RYNEK PODGÓRSKI,13,GAWRYLUK MIROSŁAW,2027-09-25
964,RYNEK PODGÓRSKI,14/1,"HOLWEG PRZEMYSŁAW, PIECHOWSKI ALEKSANDER",2027-04-26
965,RYNEK PODGÓRSKI,4/2,TALAGA KONRAD,2028-07-16
966,RYNEK PODGÓRSKI,11/LU1,"GAWRYLUK MIROSŁAW, GAWRYLUK JACEK",2028-06-15
967,RZEMIEŚLNICZA,4,RT HOTELS SPÓŁKA AKCYJNA,2027-11-22
968,RZEMIEŚLNICZA,20F,"KRZANIK URSZULA, KRZANIK JAKUB",2022-09-17
969,SASKA,2C,DOMUS MATER,2023-04-01
970,SEBASTIANA KLONOWICA,31/1,TAT THANG TRAN,2021-05-18
971,SEBASTIANA KLONOWICA,2A,WILK MARCIN,2028-09-30
972,SENACKA,6,IMPERIAL PALACE SPÓŁKA Z OGRANICZONĄ ODPOWIEDZIALNOŚCIĄ,2027-08-13
973,SENACKA,7,"RUTKOWSKI MARIAN, SAROTA JAROSŁAW",2027-10-13
974,SIENNA,4,GRUZIŃSKIE CHACZAPURI SPÓŁKA Z O. O. SPÓŁKA KOMANDYTOWA,2023-01-14
975,SIENNA,6,MITORAJ IGOR,2026-10-22
976,SIENNA,9,"BANAŚ SEBASTIAN, MIERNICZEK MARCIN",2022-03-31
977,SIENNA,11,GARLICKI PIOTR,2021-05-17
978,SIENNA,11,"PIETRZAK ELŻBIETA, DANIEL BOGDAN",2022-12-31
979,SIENNA,12,KOGEL MOGEL MSHG SPÓŁKA Z O.O.,2024-12-15
980,SIEWNA,18,BŁĘDOWSKI BARTOSZ,2022-04-06
981,SIOSTRY FAUSTYNY,14,JW INWEST LAND SPÓLKA Z OGRANICZONĄ ODPOWIEDZIALNOŚCIĄ SPÓŁKA KOMANDYTOWA,2028-06-14
982,SKALICA,23A,"TRATTORIA AL VECCHIO FORNO A. POLIMENO, E. SOSNA SPÓŁKA JAWNA",2028-05-31
983,SKOTNICKA,105,FRASIK GRZEGORZ,2023-09-05
984,SKOTNICKA,272,"GRZEŚKOWIAK MARIA, GRZEŚKOWIAK KRZYSZTOF",2028-02-11
985,SKOTNICKA,176A,SKAŁA JOLANTA,2022-05-31
986,SKWEROWA,52,HA DINH,2023-05-09
987,SŁAWKOWSKA,1,"MADEJ ANNA, GAILLARD PIERRE",2023-02-12
988,SŁAWKOWSKA,1,SŁAWKOWSKA 1 SPÓŁKA Z OGRANICZONĄ ODPOWIEDZIALNOŚCIĄ SPÓŁKA KOMANDYTOWA,2028-05-21
989,SŁAWKOWSKA,4,DZIEDZIC MARIUSZ,2025-09-20
990,SŁAWKOWSKA,6,ACTION GROUP SPÓŁKA Z OGRANICZONA ODPOWIEDZIALNOSCIA,2027-03-14
991,SŁAWKOWSKA,10,CIAPAŁA EWELINA,2026-12-26
992,SŁAWKOWSKA,10,GCH INVEST SPÓŁKA Z OGRANICZONA ODPOWIEDZIALNOSCIA SPÓŁKA KOMANDYTOWA,2027-02-05
993,SŁAWKOWSKA,11,ZIEMBLA ALICJA,2027-08-20
994,SŁAWKOWSKA,12,"OLESIŃSKI MAREK, OLESIŃSKI PIOTR",2023-02-15
995,SŁAWKOWSKA,16,MAŁYSZ MATEUSZ,2027-12-03
996,SŁAWKOWSKA,17,WĄSOWICZ STANISŁAWA,2027-12-09
997,SŁAWKOWSKA,20,ISE INTERNATIONAL SPÓŁKA Z O.O.,2021-11-09
998,SŁAWKOWSKA,23,"KALETA MATEUSZ, KRUPA PRZEMYSŁAW, ŻĄDŁO SŁAWOMIR",2027-04-03
999,SŁAWKOWSKA,26,"CZYŻYCKI TOMASZ, WIŚNIEWSKI SŁAWOMIR",2022-04-04
1000,SŁAWKOWSKA,28,FUNDACJA AKTYWNA INTEGRACJA,2028-11-08
1001,SŁAWKOWSKA,29,NOWOROLSKI WOJCIECH,2023-06-09
1002,SŁAWKOWSKA,32,POLSKIE MANUFAKTURY GASTRONOMICZNE SPÓŁKA Z OGRANICZONA ODPOWIEDZIALNOŚCIĄ,2021-06-14
1003,SŁAWKOWSKA,4/2,BATYCKI DARIUSZ,2022-05-13
1004,SŁAWKOWSKA,5/7,WAWEL-IMOS INTERNATIONAL SPÓŁKA AKCYJNA,2024-07-19
1005,SŁAWKOWSKA,13-15,"PASTABAR BEATA SEWERYN, NATALIA GROCHAL SPÓŁKA JAWNA",2023-12-31
1006,SŁAWKOWSKA,13-15,"MOCHOCKA ELŻBIETA, MOSNA WOJCIECH",2027-04-30
1007,SŁAWKOWSKA,13-15,POLSKIE PIEROGI SPÓŁKA Z OGRANICZONĄ ODPOWIEDZIALNOŚCIĄ SPÓŁKA KOMANDYTOWA,2027-10-24
1008,SŁAWKOWSKA,24A,WĄSOWICZ ELŻBIETA,2027-12-31
1009,SŁOMIANA,17,GRONO SMAKÓW SPÓŁKA Z O.O.,2023-04-08
1010,SMĘTNA,8,SKOTNICZNY JAKUB,2023-08-31
1011,SODOWA,7/2U,SPÓŁDZIELNIA MIESZKANIOWA IM. STANISŁAWA STASZICA,2029-02-16
1012,SOLIDARNOŚCI,20,ZIĘTEK PIOTR,2021-09-13
1013,SOLNA,1/LU 2,DZIEDZIC ROBERT,2028-01-19
1014,SOŁTYSOWSKA,25B,GEOVITA SPÓŁKA AKCYJNA,2028-02-10
1015,SOŁTYSOWSKA,37A,AMG TRADING SPÓLKA Z OGRANICZONĄ ODPOWIEDZIALNOŚCIĄ,2028-02-10
1016,SOSNOWIECKA,25D LOK. 1,HUDOBSKI DARIUSZ,2021-12-31
1017,SPÓŁDZIELCÓW,3,"KOZIEŁ TOMASZ, WŁODARCZYK TOMASZ",2022-07-16
1018,STANISŁAWA DZIAŁOWSKIEGO,1,"IGŁA TOMASZ GÓRA, MARCIN HAJOŁ SPÓŁKA JAWNA",2028-09-21
1019,STANISŁAWA LEMA,7,META SPÓŁKA Z O.O.,2021-05-26
1020,STANISŁAWA LEMA,7,META SPÓŁKA Z OGRANICZONĄ ODPOWIEDZIALNOŚCIĄ,2027-10-31
1021,STANISŁAWA LEMA,7,META SPÓŁKA Z OGRANICZONA ODPOWIEDZIALNOŚCIĄ,2022-08-18
1022,STANISŁAWA SKARŻYŃSKIEGO,1,FUNDACJA SAMORZĄDU STUDENTÓW POLITECHNIKI KRAKOWSKIEJ,2023-01-31
1023,STAŃCZYKA,14 / LU3,PĄTKO KATARZYNA,2029-01-27
1024,STAROMOSTOWA,1,RÓG MICHAŁ,2028-07-08
1025,STAROWIŚLNA,6,NGUYEN THI NGOC ANH,2022-03-20
1026,STAROWIŚLNA,12,"ORŁOWSKI TOMASZ, HUĆKO MARIUSZ",2023-09-20
1027,STAROWIŚLNA,16,CENTRUM ROZRYWKI ART CLUB SPÓŁKA Z OGRANICZONĄ ODPOWIEDZIALNOŚCIĄ,2026-12-31
1028,STAROWIŚLNA,27,KIBLER MICHAŁ,2028-08-06
1029,STAROWIŚLNA,32,"BULIŃSKA-JAKUBOWICZ BEATA, JAKUBOWICZ MARIUSZ",2022-09-13
1030,STAROWIŚLNA,35,KURNIK WŁADYSŁAW,2028-09-14
1031,STAROWIŚLNA,36,"BOGACKA EWELINA, RAI SURENDRA",2027-06-05
1032,STAROWIŚLNA,46,THI NGOC ANH NGUYEN,2028-02-19
1033,STAROWIŚLNA,48,IHG POLSKA SPÓŁKA Z OGRANICZONĄ ODPOWIEDZIALNOŚCIĄ,2027-03-14
1034,STAROWIŚLNA,57,"SKROBACZ MARIA, SKROBACZ PAWEŁ, SKROBACZ STANISŁAW",2022-07-08
1035,STAROWIŚLNA,60,RAJPOLD ADAM,2023-01-22
1036,STAROWIŚLNA,62,KRACOW RESIDENCE SP ZO.O,2021-06-21
1037,STAROWIŚLNA,91,METROPOLIS DESIGN HOTEL SPÓŁKA Z O. O. S. K. A.,2022-09-07
1038,STAROWIŚLNA,14/2,"BLICHARSKA-MÓL ANNA, JAROSZ JOANNA",2023-08-08
1039,STAROWIŚLNA,8/1,VEGAB FOODS SPÓŁKA Z OGRANICZONĄ ODPOWIEDZIALNOŚCIĄ,2027-06-14
1040,STAROWIŚLNA,15A,"SCHMIDT ARTUR, PIEROŻYŃSKI MARCIN",2026-04-15
1041,STAROWIŚLNA,15A,DONIMIRSKI JERZY,2028-07-12
1042,STAROWIŚLNA,97 LU 2,NAKU POLSKA SPÓŁKA Z OGRANICZONĄ ODPOWIEDZIALNOŚCIĄ,2029-01-24
1043,STAWOWA,61,POLAKOWSKI GALERIE SPÓŁKA Z O.O.,2021-10-06
1044,STAWOWA,61,KHAN SPÓŁKA Z OGRANICZONĄ ODPOWIEDZIALNOŚCIĄ,2027-03-10
1045,STAWOWA,61,COPIAK JAROSŁAW,2027-01-15
1046,STAWOWA,61,YAMI SPÓŁKA Z OGRANICZONĄ ODPOWIEDZIALNOŚCIĄ,2029-03-28
1047,STAWOWA,61 lok. 141,"BŁESZYŃSKA-WOJDYŁA ANNA, STYRYLSKI KRZYSZTOF",2028-09-30
1048,STAWOWA,61 lok. 145,"""AMREST"" SPÓŁKA Z OGRANICZONA ODPOWIEDZIALNOSCIA",2027-02-27
1049,STAWOWA,61 lok. 147,RESTAURACJA BRONOWICE SPÓŁKA Z OGRANICZONA ODPOWIEDZIALNOSCIA SPÓŁKA,2026-12-05
1050,STEFANA BATOREGO,1,JUN INTERNATIONAL SPÓŁKA Z OGRANICZONA ODPOWIEDZIALNOSCIA SPÓŁKA KOMANDYTOWA,2027-04-22
1051,STEFANA OTWINOWSKIEGO,6,SIWEK JACEK,2023-04-11
1052,STOLARSKA,3,CAMINO CENTRUM OBSŁUGI TURYSTYCZNEJ ADAM KRSNY SPÓŁKA JAWNA,2027-12-31
1053,STOLARSKA,5,SAWICKA-DANIELAK MARTA,2026-11-21
1054,STOLARSKA,5,BATRUCH ANDRZEJ,2026-04-30
1055,STOLARSKA,6,"SIESTA MAGDALENA WILANOWSKA, TOMASZ WILANOWSKI SPÓŁKA JAWNA",2027-10-31
1056,STOLARSKA,6,B.O.H.O COFFEE%BAR SPÓŁKA Z OGRANICZONĄ ODPOWIEDZIALNOŚCIĄ,2027-10-31
1057,STOLARSKA,8,RENKE MAŁGORZATA,2028-07-25
1058,STOLARSKA,10,SAROTA JAROSŁAW,2022-03-07
1059,STOLARSKA,13,ORIENT EKSPRES RESTAURACJA PRZYBYLSKI I SEWERYN SPÓŁKA JAWNA,2023-01-26
1060,STOLARSKA,13,WHITE SPÓŁKA Z OGRANICZONĄ ODPOWIEDZIALNOŚCIĄ,2028-10-11
1061,STOLARSKA,13,"PIMIENTO RYNEK GŁÓWNY MARCIN SEWERYN, ŁUKASZ PRZYBYLSKI SPÓŁKA JAWNA",2029-03-15
1062,STOLARSKA,5/3,PAUZA SPÓŁKA Z O.O. SPÓŁKA KOMANDYTOWA,2021-11-17
1063,STOLARSKA,6/1,RAPICKA-SIKORSKA MAGDALENA,2022-09-29
1064,STOLARSKA,8/10,DANIELAK FILIP,2027-08-17
1065,STOLARSKA,8-10,RENKE JANUSZ,2022-04-09
1066,STOLARSKA,"11 lok. C,D,E",JARZĘBAK ANDRZEJ,2027-06-26
1067,STRADOMSKA,1,"NAPORA MARTA, NAPORA KRZYSZTOF",2029-03-31
1068,STRADOMSKA,11,"CHOHAN SUKHIBIR SINGH, KHOLOO MANZOOR",2026-11-27
1069,STRADOMSKA,11,BROKREACJA SPÓŁKA Z O. O.,2025-09-06
1070,STRADOMSKA,13,THI BI NGUYEN,2021-09-07
1071,STRADOMSKA,19,"RADWAŃSKA ALEKSANDRA, RADWAŃSKI ANDRZEJ",2022-08-07
1072,STRADOMSKA,15/U1,OLELO SPÓŁKA Z OGRANICZONA ODPOWIEDZIALNOSCIA SPÓŁKA KOMANDYTOWA,2027-01-09
1073,STRADOMSKA,3/LU2,BUWAJ ALEKSANDRA,2028-05-25
1074,STRASZEWSKIEGO,16,MIKULSKI MICHAŁ,2026-12-01
1075,STRASZEWSKIEGO,17,"""UBM - HPG"" SPÓŁKA Z OGRANICZONĄ ODPOWIEDZIALNOŚCIĄ",2027-06-30
1076,STRASZEWSKIEGO,17,UBM HPG SPÓKA Z OGRANICZONĄ ODPOWIEDZIALNOŚCIĄ,2022-02-02
1077,STRZELCÓW,26,JONASZ SPÓŁKA Z OGRANICZONĄ ODPOWIEDZIALNOŚCIĄ,2027-12-31
1078,STRZELECKA,11,BURDZEL BEATA,2027-08-21
1079,STUDENCKA,15,GOSŁAWSKI KONRAD,2026-11-14
1080,SUCHA,1 D,INVEST SQUARE SPÓŁKA Z OGRANICZNĄ ODPOWIEDZIALN0ŚCIĄ,2021-09-25
1081,SUCHA,1D,INVEST SQUARE SPÓŁKA Z OGRANICZONĄ ODPOWIEDZIALNOŚCIĄ,2027-10-10
1082,SUKIENNICZA,8/UC5,"KALINA-KOZIEŁ DOROTA, KOZIEŁ TOMASZ",2028-09-22
1083,SZCZEPAŃSKA,1,"FRANCZAK PAWEŁ, KULISA PAWEŁ",2027-01-31
1084,SZCZEPAŃSKA,1,ACTION GROUP SPÓŁKA Z OGRANICZONA ODPOWIEDZIALNOSCIA,2027-03-21
1085,SZCZEPAŃSKA,1,BARANEK JACEK,2027-09-19
1086,SZCZEPAŃSKA,3,SMĘDER TOMASZ,2023-04-10
1087,SZCZEPAŃSKA,3,WANOWICZ MAŁGORZATA,2021-07-31
1088,SZCZEPAŃSKA,5,HOLDING LIWA SPÓŁKA Z OGRANICZONA ODPOWIEDZIALNOSCIA,2027-03-12
1089,SZCZEPAŃSKA,7,KAMIŃSKA KAROLINA,2021-05-31
1090,SZCZEPAŃSKA,3/1,"WANOWICZ MAŁGORZATA, BRODA KAMA",2028-08-09
1091,SZCZEPAŃSKI,2,MAISON CHARLOTTE SPÓŁKA Z O.O.,2022-05-17
1092,SZCZEPAŃSKI,3,"SMĘDER TOMASZ, WYROBEK MACIEJ",2023-01-09
1093,SZCZEPAŃSKI,7,THE SQUARE SPÓŁKA Z O. O.,2022-06-30
1094,SZEROKA,2,STOPKA GABRIELA KUCHNIA KOLEKTYW,2022-12-06
1095,SZEROKA,6,KLEZMERHOJS SPÓŁKA Z O.O.,2023-09-30
1096,SZEROKA,12,AMICUS SPÓŁKA Z O.O.,2021-11-15
1097,SZEROKA,13,STB GROUP SP. Z O.O.,2026-04-10
1098,SZEROKA,14,"""BELMAR M.KUŁAGA SPÓŁKA JAWNA""",2027-04-14
1099,SZEROKA,17,RESTAURACJA ŻYDOWSKA ARIEL SPÓŁKA Z O. O.,2023-01-08
1100,SZEROKA,18,RESTAURACJA ŻYDOWSKA ARIEL SPÓŁKA Z O.O.,2022-03-20
1101,SZEROKA,20,ŁADOCHA MAGDALENA,2027-02-28
1102,SZEROKA,20,AFT HOTEL SPÓŁKA Z O.O.,2021-06-30
1103,SZEROKA,30,KORSAK WITOLD,2023-12-31
1104,SZEROKA,39,ROSEBUD SPÓŁKA Z O. O.,2024-04-26
1105,SZEROKA,9-10,WOŹNICZKA DANUTA,2028-05-27
1106,SZEROKA,10/2,WADOWSKA MARTA,2027-12-28
1107,SZEWSKA,4,NAKIELNY PIOTR,2028-05-31
1108,SZEWSKA,6,LEE CHANG-LUNG,2022-10-19
1109,SZEWSKA,7,4 STARS SPÓŁKA Z O.O.,2023-07-16
1110,SZEWSKA,10,F&M INWESTYCJE SP. Z O.O. SP. K.,2026-04-16
1111,SZEWSKA,12,BRANDYS JADWIGA,2029-02-08
1112,SZEWSKA,13,RAMIR SPÓŁKA Z OGRANICZONĄ ODPOWIEDZIALNOŚCIĄ SPÓŁKA KOMANDYTOWA,2021-04-17
1113,SZEWSKA,14,WARMUZ ŁUKASZ,2023-09-05
1114,SZEWSKA,14,CZERNECKA MARIA,2022-02-06
1115,SZEWSKA,20,MEX BISTRO I SPÓŁKA Z O. O.,2022-12-19
1116,SZEWSKA,21,SOKOŁOWSKA-NIEMIEC EWELINA,2021-05-12
1117,SZEWSKA,22,PIZZATOPIA SPÓŁKA Z O.O.,2022-07-20
1118,SZEWSKA,23,POLSKIE PIEROGI SPÓŁKA Z OGRANICZONĄ ODPOWIEDZIALNOŚCIĄ SPÓŁKA KOMANDYTOWA,2023-07-04
1119,SZEWSKA,24,ZALIPIANKI EWA WACHOWICZ I WSPÓLNICY SPÓŁKA JAWNA,2022-08-13
1120,SZEWSKA,25,GORYCA LESZEK,2029-01-19
1121,SZEWSKA,26,NOWOROLSKI WOJCIECH,2027-12-09
1122,SZEWSKA,27,NAWITO SP. Z O.O. SP. K.,2023-03-20
1123,SZEWSKA,21/6,MDM SPÓŁKA Z OGRANICZONĄ ODPOWIEDZIALNOŚCIĄ,2023-09-06
1124,SZEWSKA,21/LU4-5,"ZGÓRKIEWICZ KRZYSZTOF, WOŁKOUN MARCIN, KURBIEL RAFAŁ",2027-08-08
1125,SZEWSKA,23 lok. A,INCOME INVEST SPÓŁKA Z OGRANICZONĄ ODPOWIEDZIALNOŚCIĄ SPÓŁKA KOMANDYTOWA,2027-01-09
1126,SZLAK,33,DĄBROWSKA WERONIKA,2023-06-05
1127,SZLAK,47 lok. I i IV,TI AMO TI SPÓŁKA Z OGRANICZONA ODPOWIEDZIALNOSCIA,2026-12-07
1128,SZLAK,47/15,"TLAŁKA GUSTAW, SMOLIK JAKUB",2028-08-31
1129,SZLAK,50 lok. A7,TERAZALBONIGDY SPÓŁKA Z OGRANICZONĄ ODPOWIEDZIALNOŚCIĄ,2029-01-31
1130,SZPITALNA,1,MUSIC EVENTS SPÓŁKA Z OGRANICZONA ODPOWIEDZIALNOŚCIĄ,2028-01-16
1131,SZPITALNA,6,RESTOINVEST SPÓŁKA Z OGRANICZONĄ ODPOWIEDZIALNOŚCIĄ,2026-11-29
1132,SZPITALNA,28,SANJEEV VIKRAM GRAK SPÓŁKA Z O. O.,2022-08-19
1133,SZPITALNA,28,ELELKTOR SPÓŁKA Z O.O.,2022-03-16
1134,SZPITALNA,34,KAWIARNIE MGB M. BORUTA SPÓŁKA JAWNA,2027-04-15
1135,SZPITALNA,36,LUNZ SEBASTIAN,2027-12-08
1136,SZPITALNA,38,LEVEL PIETRZAK&ŻONTOŁW SPÓŁKA JAWNA,2027-02-02
1137,SZPITALNA,38,WĄSOWICZ ROBERT,2028-12-22
1138,SZPITALNA,40,MICHALSKA  JAGODA,2027-04-24
1139,SZPITALNA,20-22,ABRAMCIÓW RAFAŁ,2025-03-06
1140,SZPITALNA,20-22,WARCHALA MICHAŁ,2027-01-10
1141,SZYBISKO,40,GREGGIO KINGA,2027-11-06
1142,SZYBKA,25/1,"MILEWSKI JERZY, PĘDZIWIATR BARBARA",2028-12-01
1143,ŚLICZNA,34B/LU 3,REMPOŁA RADOSŁAW,2028-08-13
1144,ŚLUSARSKA,3 lok. LU2,GRAND AM SPÓŁKA Z OGRANICZONĄ ODPOWIEDZIALNOŚCIĄ,2026-12-18
1145,ŚW. AGNIESZKI,9,KOZIOŁEK BENJAMIN,2024-03-20
1146,ŚW. ANDRZEJA BOBOLI,5,KLUB SPORTOWY PRĄDNICZNKA,2028-04-06
1147,ŚW. ANNY,2,POLSKIE MANUFAKTURY GASTRONOMICZNE SPÓŁKA Z OGRANICZONĄ ODPOWIEDZIALNOŚCIA,2021-11-30
1148,ŚW. ANNY,3,WROŃSKI ARTUR,2021-09-01
1149,ŚW. ANNY,3,WROŃSKI ARTUR,2028-12-22
1150,ŚW. ANNY,4,BHAT&PRASAD SPÓŁKA Z OGRANICZONĄ ODPOWIEDZIALNOŚCIĄ,2028-11-19
1151,ŚW. ANNY,7,"GAWRON ELŻIETA, GAWRYLUK MIROSŁAW",2022-02-28
1152,ŚW. DUCHA,1,WITYŃSKI ALEKSANDER,2022-06-21
1153,ŚW. FILIPA,11,JANKIEL KRZYSZTOF,2021-05-29
1154,ŚW. FILIPA,14,HANDELEK SPÓŁKA Z OGRANICZONĄ ODPOWIEDZIALNOŚCIĄ,2027-11-22
1155,ŚW. FILIPA,18,HOTEL FILIPA 18 SPÓŁKA Z O.O.,2024-12-15
1156,ŚW. FILIPA,25,KDG TURYSTYKA SPÓŁKA Z O.O.,2024-11-14
1157,ŚW. FILIPA,16/2,HANDELEK SPÓŁKA Z O.O.,2023-04-26
1158,ŚW. FILIPA,7/2,KWINTA KRZYSZTOF,2028-01-14
1159,ŚW. GERTRUDY,5,CZYNCIEL BOŻENA,2022-03-31
1160,ŚW. GERTRUDY,6,RT HOTELS SPÓŁKA AKCYJNA,2026-12-14
1161,ŚW. GERTRUDY,10,PREMIUM HOTELS PERGAMIN SPÓŁKA Z OGRANICZONĄ ODPOWIEDZIALNOŚCIĄ SPÓŁKA KOMANDYTOWO-AKCYJNA,2026-09-30
1162,ŚW. GERTRUDY,12,LEGENDZIEWICZ JACEK,2021-08-08
1163,ŚW. GERTRUDY,21,BARAN JAN,2023-07-31
1164,ŚW. GERTRUDY,7/1,SZAŁAPAK MARIA,2027-05-04
1165,ŚW. GERTRUDY,7/3,KOI SUSHI SPÓŁKA Z O.O. SPÓŁKA KOMANDYTOWA,2022-03-12
1166,ŚW. GERTRUDY,26-29,"""POLSKIE RESTAURACJE ROYAL"" PLEJADES 4 SPÓŁKA Z OGRANICZONĄ ODPOWIEDZIALNOŚCIĄ SPÓŁKA KOMANDYTOWA",2028-10-25
1167,ŚW. JANA,1,CRACOW ROYAL CENTER SP. Z O.O.,2022-06-17
1168,ŚW. JANA,2,LOŻA KRZYSZTOF NOWOSAD SPÓŁKA JAWNA,2021-05-09
1169,ŚW. JANA,5,"JANISZEWSKA JOANNA, JANISZEWSKI TOMASZ",2029-01-05
1170,ŚW. JANA,8,CAFE APERITIF SPÓŁKA Z OGRANICZONĄ ODPOWIEDZIALNOŚCIĄ SPÓŁKA KOMANDYTOWA,2027-10-30
1171,ŚW. JANA,10,WILK PIOTR,2027-02-24
1172,ŚW. JANA,18,NITERA RADOSŁAW,2023-01-14
1173,ŚW. JANA,13/1,OGO SPÓŁKA Z O.O.,2021-08-31
1174,ŚW. JANA,3-5,PWIP KRAKÓW SPÓŁKA Z O.O.,2022-01-12
1175,ŚW. JANA,13-15,AB INVESTMENT GROUP SPÓŁKA Z OGRANICZONĄ ODPOWIEDZIALNOŚCIĄ,2028-06-30
1176,ŚW. JANA,2/IV,CRYSTAL KWIECIEŃ SPÓŁKA JAWNA,2028-03-01
1177,ŚW. KATARZYNY,2,STANCLIK ANITA,2022-09-12
1178,ŚW. KRZYŻA,15,"BANAŚ SEBASTIAN, MIERNICZAEK MARCIN",2022-12-09
1179,ŚW. KRZYŻA,17,CHEF S RESTAURANT GROUP SPÓŁKA Z O.O. SP. K.,2022-03-26
1180,ŚW. MARKA,20,UNICUS DOBRY HOTEL SPÓŁKA Z OGRANICZONĄ ODPOWIEDZIALNOŚCIĄ SPÓŁKA KOMANDYTOWA,2027-11-01
1181,ŚW. MARKA,27,NOWAK TOMASZ,2029-01-31
1182,ŚW. MARKA,22A,CHMIELEWSKI RAFAŁ,2021-05-31
1183,ŚW. SEBASTIANA,6,"MATLAK ŁUKASZ, STACHNIK MARCIN",2026-09-05
1184,ŚW. SEBASTIANA,12,PERFECT HOTELS SPÓŁKA Z O.O.,2022-08-07
1185,ŚW. SEBASTIANA,33,ŻYGULSKA-NOWAKOWSKA KATARZYNA,2028-08-31
1186,ŚW. STANISŁAWA,10,SŁOWIK ADAM,2027-11-30
1187,ŚW. TOMASZA,1,KASPRZYK WITOLD,2023-07-08
1188,ŚW. TOMASZA,5,RUSINEK WACŁAW,2027-10-23
1189,ŚW. TOMASZA,6,FOLKLOR KULINARNY TFMF INVESTMENT LP I WSPÓLNICY SPÓŁKA JAWNA,2023-05-31
1190,ŚW. TOMASZA,7,SUCHAN MIROSŁAW,2028-09-19
1191,ŚW. TOMASZA,8,TŁUSZCZ ARTUR,2024-10-23
1192,ŚW. TOMASZA,8,STARA KUCHNIA SPÓŁKA Z O. O. SPÓŁKA KOMANDYTOWA,2023-05-07
1193,ŚW. TOMASZA,15,BOCCANERA MSHG SPÓŁKA Z O.O.,2025-01-09
1194,ŚW. TOMASZA,16,"PINDEL OLGA, PYSZAK-KRZYŻAK MARLENA",2023-06-17
1195,ŚW. TOMASZA,17,ŁODZIŃSKA-DUDA WERONIKA,2028-10-15
1196,ŚW. TOMASZA,20,TOMASZA 20 SPÓŁKA Z O.O.,2025-10-17
1197,ŚW. TOMASZA,21,DROHOMIRECKA ZOFIA,2029-02-18
1198,ŚW. TOMASZA,30,PIECHOWSKI DARIUSZ,2022-09-06
1199,ŚW. TOMASZA,31,SENDECKI JERZY,2028-09-30
1200,ŚW. TOMASZA,32,HOTEL CLASSIC A. DWORAKOWSKA SPÓŁKA JAWNA,2023-05-16
1201,ŚW. TOMASZA,33,NITERA RADOSŁAW,2028-03-09
1202,ŚW. TOMASZA,34,HOTEL G.E. KRAKÓW SPÓŁKA Z O.O.,2021-09-07
1203,ŚW. TOMASZA,18/2,"BOGACKA EWELINA, RAI SURENDRA",2027-04-16
1204,ŚW. TOMASZA,19/4,LEE CHANG-LUNG,2021-06-02
1205,ŚW. TOMASZA,25/LU1B,ŁEPKOWSKI MARCIN,2027-06-23
1206,ŚW. TOMASZA,30 / LU2,ETNA SP. Z O.O. SP. K.,2029-03-07
1207,ŚW. TOMASZA,31 LU 3,SŁOWIŃSKA JOANNA,2021-08-11
1208,ŚW. WAWRZYŃCA,12,HOTELE DE SILVA SPÓŁKA Z O.O.,2025-06-05
1209,ŚW. WAWRZYŃCA,27,CHORNAK VASYL,2028-10-14
1210,ŚW. WAWRZYŃCA,18/16,DUFFY FERGUS,2022-07-05
1211,ŚW. WAWRZYŃCA,19/91,ORAKON SPÓŁKA Z OGRANICZONĄ ODPOWIEDZIALNOŚCIĄ,2027-05-08
1212,ŚW. WAWRZYŃCA,19/92,PRZYBYLSKA AGATA,2027-05-23
1213,ŚWIETEJ GERTRUDY,26-29,PHH HOTELE SPÓŁKA Z OGRANICZONĄ ODPOWIEDZIALNOŚCIĄ,2028-09-30
1214,ŚWIĘTEGO JANA,2,SEKUNDA SYLWESTER,2023-03-31
1215,ŚWIĘTEGO KRZYŻA,13,SIENKIEWICZ ALDONA,2028-07-08
1216,ŚWIĘTEGO TOMASZA,28/4,ZGÓRKIEWICZ KRZYSZTOF,2022-02-27
1217,TADEUSZA KOŚCIUSZKI,42,STOLARSKI MACIEJ,2022-02-08
1218,TADEUSZA MICIŃSKIEGO,2,"SEWIOŁŁO JACEK, DRAUS PIOTR",2022-01-31
1219,TADEUSZA PTASZYCKIEGO,4A,JOB EWA,2028-02-18
1220,TADEUSZA REJTANA,5,SOCHACKI PAWEŁ,2028-09-14
1221,TADEUSZA ROMANOWICZA,4,FFS BIS SPÓŁKA Z OGRANICZONĄ ODPOWIEDZIALNOŚCIĄ,2028-10-22
1222,TADEUSZA ROMANOWICZA,4,WYSZYNK GALICYJSKI SPÓŁKA Z OGRANICZONĄ ODPOWIEDZIALNOŚCIĄ,2028-12-31
1223,TADEUSZA ROMANOWICZA,4,KAWA.PL SPÓŁKA Z OGRANICZONĄ ODPOWIEDZIALNOŚCIĄ,2028-10-12
1224,TADEUSZA ROMANOWICZA,15,MACIEJEWSKI WOJCIECH,2027-01-15
1225,TADEUSZA ROMANOWICZA,1 lok. LU 6,TOTA KONRAD,2028-02-24
1226,TADEUSZA ROMANOWICZA,1/4B,"LEJKOWSKA MAŁGORZATA, JASKÓLSKA MARTA",2028-09-14
1227,TADEUSZA ROMANOWICZA,5/9A,BASZCZYŃSKI MATEUSZ,2025-06-21
1228,TADEUSZA SZAFRANA,5A lok. U5,OSTRÓŻKA PIOTR,2023-05-10
1229,TARŁOWSKA,15,ZYDROŃ MAREK,2028-03-29
1230,TEATRALNE,29,KASPRZYK ANETA,2023-05-09
1231,TEATRALNE,34,DYRDA DOMINIK,2024-09-30
1232,TELIMENY,50,RADWAŃSKI JERZY,2021-09-21
1233,TOPOLOWA,3,KRAK REST TOMASZ CICHOŃ SPÓŁKA JAWNA,2025-09-30
1234,TOPOLOWA,12,WIDYNA JOLANTA,2021-05-27
1235,TOPOLOWA,27,"DOBROWOLSKI ARTUR, DOBROWOLSKA KATARZYNA",2027-04-17
1236,TOPOLOWA,42,KONRAD RYŚ,2021-06-16
1237,TOPOLOWA,52/2,FECZKO JACEK,2023-07-04
1238,TORFOWA,7,HOLTIN BENJAMIN,2028-08-23
1239,TORUŃSKA,5,IMIELSKI BARTOSZ,2025-09-07
1240,TRAKT PAPIESKI,PRZYSTAŃ BRZEGI,FILIPEK BOGUSŁAW,2028-07-09
1241,TURNIEJOWA,65,WÓJCIK ANDRZEJ,2028-07-29
1242,TWARDOWSKIEGO,45,"ARS MODI A.BRĄGIEL, R. ZIELIŃSKI SPÓŁKA JAWNA",2027-08-14
1243,TYNIECKA,1,DUDEK ROBERT,2022-12-07
1244,TYNIECKA,47,"SITEK ŁUKASZ, SITEK MARCIN, SITEK MATEUSZ",2027-05-14
1245,TYNIECKA,82,GOLDEN MEAN POLSKA SPÓŁKA Z OGRANICZONĄ ODPOWIEDZIALNOŚCIĄ,2027-11-12
1246,TYNIECKA,106,RZEWUSKI MICHAŁ,2023-04-30
1247,TYNIECKA,160,KNECHT SŁAWOMIR,2027-02-15
1248,TYNIECKA,118H,CZEKAJ TADEUSZ,2024-12-06
1249,TYNIECKA,118H,CZEKAJ TADEUSZ,2024-11-30
1250,TYNIECKA,167B,"KRÓLCZYK MARCIN, KRÓLCZYK-SIENKO KAMILA, SOBCZYK SYLWIA",2028-10-31
1251,UŁANÓW,21,KRASUSKA KATARZYNA,2028-09-09
1252,UROCZA,26,PIĄTEK JAROSŁAW,2028-07-09
1253,URZĘDNICZA,26/9,KRUPA-RUSZKOWSKA ANNA,2027-08-09
1254,URZĘDNICZA,47/LU 1,MAŚLANKA AGNIESZKA,2028-11-01
1255,WACŁAWA LIPIŃSKIEGO,20A,WITUCHOWSKI ŁUKASZ,2029-01-20
1256,WADOWICKA,2,AMREST SPÓŁKA Z OGRANICZONĄ ODPOWIEDZIALNOŚCIĄ,2027-10-31
1257,WADOWICKA,1A,POLSKIE MANUFAKTURY GASTRONOMICZNE SPÓŁKA Z OGRANICZONĄ ODPOWIEDZIALNOŚCIĄ,2028-08-11
1258,WADOWICKA,8G,ITALFOOD SPÓŁKA Z O. O.,2027-11-11
1259,WALEREGO SŁAWKA,43/2,JANIK-RAJCA MAJA,2021-06-10
1260,WARSZAUERA,1-8E,SUŁKOWSKA MONIKA,2026-12-31
1261,WARSZAUERA,3/U4,STRANO ANTONINO,2027-02-06
1262,WARSZAWSKA,17,HUSZCZA AMELIA,2028-09-09
1263,WARSZAWSKA,17,"JĘDRYGAS ANDRZEJ, ŚLUSAREK PIOTR",2028-09-23
1264,WĄSKA,2,ZALEWAJKA BIENIEK SPÓŁKA JAWNA,2026-08-31
1265,WESTERPLATTE,12,WPS BISINESS CONSULTING LIMITED SPÓŁKA Z OGRANICZONĄ ODPOWIEDZIALNOŚCIĄ ODDZIAŁ W POLSCE,2028-03-09
1266,WESTERPLATTE,15,BUJAK MONIKA,2027-12-11
1267,WESTERPLATTE,15/16,POLSKIE PIEROGI SPÓŁKA Z OGRANICZONĄ ODPOWIEDZIALNOŚCIĄ SPÓKA KOMANDYTOWA,2023-07-04
1268,WĘGŁOWA,4/LU10,CICHOŃ JUSTYNA,2027-07-31
1269,WIDNA,8,JASZCZEWSKA RENATA,2022-01-11
1270,WIDOK,11,ROGUSZ ANNA,2021-06-30
1271,WIELOPOLE,4,GEMO SPÓŁKA Z OGRANICZONĄ ODPOWIEDZIALNOŚCIĄ,2027-11-01
1272,WIELOPOLE,22,YWY SPÓŁKA Z OGRANICZONĄ ODPOWIEDZIALNOŚCIĄ,2028-02-24
1273,WIEWIÓRCZA,2,"FRĄCZEK MAŁGORZATA, BROŚ MONIKA, FRĄCZEK WOJCIECH",2021-12-31
1274,WILHELMA FELDMANA,4/1A,DREAMS FACTORY SPÓŁKA Z OGRANICZONĄ ODPOWIEDZIALNOŚCIĄ,2027-10-23
1275,WINNICKA,40,J&J SPORT CENTER HAJTEK-SPÓŁKA JAWNA,2022-03-07
1276,WIŚLNA,6,"WANOWICZ MAŁGORZTA, BRODA KAMA",2022-01-19
1277,WIŚLNA,10,PAJĄK MACIEJ,2021-06-01
1278,WIŚLNA,11,"PADRE SKRZYDLEWSKI, SUS SPÓŁKA JAWNA",2022-08-14
1279,WIŚLNA,5/1,BIG SMALL SPÓŁKA Z OGRANICZONĄ ODPOWIEDZIALNOŚCIĄ,2028-10-12
1280,WIŚLNA,5/3,ZIĘBA ANGELIKA,2026-11-21
1281,WIŚLNA,5/10,"AQUA - R.FABRIS, F. MARZOCCHI SPÓŁKA JAWNA",2028-06-24
1282,WITOLDA BUDRYKA,4,FUNDACJA STUDENTÓW I ABSOLWENTÓW AKADEMII GÓRNICZO - HUTNICZEJ W KRAKOWIE,2027-09-19
1283,WŁADYSŁAWA ANCZYCA,1,PRASCHILL ROBERT,2024-03-31
1284,WŁADYSŁAWA ŁOKIETKA,43,WALKOSZ MAREK,2027-03-31
1285,WŁADYSŁAWA REYMONTA,17,FUNDACJA STUDENTÓW I ABSOLWENTÓW AKADEMII GÓRNICZO-HUTNICZEJ W KRAKOWIE ACADEMICA,2023-10-15
1286,WŁADYSŁAWA REYMONTA,20,ANNA ROGÓŻ,2021-10-12
1287,WŁADYSŁAWA STANISŁAWA REYMONTA,11,FUNDACJA STUDENTÓW I ABSOLWENTÓW UNIWERSYTETU JAGIELLOŃSKIEGO BRATNIAK,2027-04-28
1288,WŁADYSŁAWA STANISŁAWA REYMONTA,15,FUNDACJA ZESPOŁU PIEŚNI I TAŃCA KRAKUS,2022-01-25
1289,WŁADYSŁAWA SYROKOMLI,2,ORBIS S.A.,2022-03-06
1290,WŁODZIMIERZA TETMAJERA,83,LA BAGUETTE SPÓŁKA  Z OGRANICZONĄ ODPOWIEDZIALNOŚCIĄ,2027-12-15
1291,WODNA,17,BOBEK MARIUSZ,2025-09-05
1292,WOJCIECHA LIPOWSKIEGO,18,KLISIEWICZ MARCIN,2027-02-26
1293,WOLNICA,11/lok. 2,"RUSZAŁO RAFAŁ, RUSZAŁO MONIKA",2022-01-31
1294,WROCŁAWSKA,11A,TERAZTY SPÓŁKA Z OGRANICZONĄ ODPOWIEDZIALNOŚCIĄ,2027-06-18
1295,WROCŁAWSKA,33/LU3,BOGUSKA ALICJA,2027-02-06
1296,WROCŁAWSKA,5A,"TOMASZEWSKA AGNIESZKA, WOJCIECHOWSKI TYMOTEUSZ",2022-10-23
1297,WSZYSTKICH ŚWIĘTYCH,8,"KASZYCKI JACEK, WÓJCICKI JACEK",2022-04-18
1298,WYGODA,8A,METROPOLIS DESIGN HOTEL SPÓŁKA Z OGRANICZONĄ ODPOWIEDZIALNOŚCIĄ SPÓŁKA KOMANDYTOWO-AKCYJNA,2027-10-22
1299,WYGRANA,6,WYGRANA QHOTEL SPÓŁKA Z OGRANICZONA ODPOWIEDZIALNOŚCIĄ SPÓŁKA JAWNA,2028-03-28
1300,WYSOKIE,21,ZARCIE-MIEJSKIE SPÓŁKA Z OGRANICZONA ODPOWIEDZIALNOSCIA SPÓŁKA KOMANDYTOWA,2027-07-31
1301,ZA SKŁONEM,14,REJDAK JOANNA,2028-09-09
1302,ZABŁOCIE,13,KRAKOWSKA GRUPA AMNIS SPÓŁKA Z O.O.,2024-02-04
1303,ZABŁOCIE,20,TIPERERA SPÓŁKA ZO.O.,2021-11-14
1304,ZABŁOCIE,33,"SZWAN MACIEJ, TORBA MAREK",2022-10-18
1305,ZABŁOCIE,19 lok. B.O.U. 02,LA BAQUETTE SPÓŁKA Z OGRANICZONĄ ODPOWIEDZIALNOŚCIĄ,2027-12-15
1306,ZABŁOCIE,19/LU5,WIŚNIEWSKA SYLWIA,2027-09-09
1307,ZABŁOCIE,23/24,CORDOBESA SPÓŁKA Z OGRANICZONĄ ODPOWIEDZIALNOŚCIĄ,2027-11-20
1308,ZABŁOCIE,35/LU2,"WALICKA WIKTORIA, HESS THIBAULT",2027-06-23
1309,ZABŁOCIE,St. Wisła,KANTYNA ZABŁOCIE SPÓŁKA Z OGRANICZONĄ ODPOWIEDZIALNOŚCIĄ,2023-07-10
1310,ZACHODNIA,27,KATRA-ŚMIERTKA BARBARA,2022-03-07
1311,ZAKŁADOWA,3A,"ZAFORYMSKI JERZY, ŁYGAN ROBERT",2022-02-15
1312,ZAKOPIAŃSKA,62,GÓRSKA AGATA,2022-11-07
1313,ZAKOPIAŃSKA,62,STASIAK ELWIRA,2022-07-14
1314,ZAKOPIAŃSKA,62,BRZEGOWY TOMASZ,2028-08-03
1315,ZAKOPIAŃSKA,180 B,MRÓZ ANNA,2021-07-11
1316,ZAKOPIAŃSKA,293A,TWARDOWICZ AGATA,2023-02-21
1317,ZAMEK WAWEL,9,"BUJAK PIOTR, BUJAK JOANNA, AGNIESZKA PARTYKA- BUJAK",2024-04-06
1318,ZAMEK WAWEL,9,WAWEL SPÓŁKA AKCYJNA,2027-11-24
1319,ZAMEK WAWEL,,"SCHAB IWONA, SCHAB SZYMON",2029-02-28
1320,ZAMKOWA,1,ANH KHOI PHAM,2028-12-17
1321,ZARZECZE,124A,KAIPOL SPÓŁKA Z OGRANICZONĄ ODPOWIEDZIALNOŚCIĄ,2027-11-06
1322,ZAWIŁA,56,JÓŹWIK SEBASTIAN,2028-08-13
1323,ZAWIŁA,59B,"GRZEŚKOWIAK MARIA, GRZEŚKOWIAK MARZENA, GRZEŚKOWIAK PAWEŁ",2029-03-10
1324,ZAWISZY,10/3,STEINAUER DARIUSZ,2022-12-31
1325,ZIELONE,13,IKEMAR SPÓŁKA Z OGRANICZONA ODPOWIEDZIALNOSCIA,2027-04-26
1326,ZŁOCIENIOWA,17,GORSZKOW ŁUKASZ,2027-07-28
1327,ZŁOTEGO WIEKU,89,JANAKA MICHAŁ JAWORSKI NATALIA KOTULSKA SPÓŁKA JAWNA,2023-09-30
1328,ZWIERZYNIECKA,10,PATEL ROMINKUMAR,2023-09-06
1329,ZWIERZYNIECKA,12,WALCZAK JAN,2022-08-30
1330,ZWIERZYNIECKA,15,KOKOLOGIANNIS DIMITRIOS,2028-11-14
1331,ZWIERZYNIECKA,29,KUBERA HOSPITALITY GROUP SPÓŁKA Z OGRANICZONĄ ODPOWIEDZIALNOŚCIĄ,2028-06-30
1332,ZWIERZYNIECKA,30,EVEREST NEPAL SPÓŁKA Z OGRANICZONĄ ODPOWIEDZIALNOŚCIĄ,2026-10-22
1333,ZWIERZYNIECKA,32,SETTE GROUP SPÓŁKA Z O.O.,2023-06-06
1334,ZWIERZYNIECKA,5/3,BRODA ŁUKASZ,2021-05-15
1335,ZYGMUNTA AUGUSTA,9 lok. 4,"SITNIK-KORNECKA IWONA, STEMPAK PAULINA",2027-03-14
1336,ZYGMUNTA GLOGERA,53/LU1,KOZIEŁ BARTOSZ,2023-06-08
1337,ZYGMUNTA MIŁKOWSKIEGO,3,"DYRDA MARIA, SZCZUREK RENATA",2022-03-20
1338,ZYGMUNTA MIŁKOWSKIEGO,7/U-2,MAJ PAWEŁ,2022-09-05
1339,ZYGMUNTA STAREGO,130,BRAGA KAROLINA,2023-06-14
